phone,price,title,sub_title,km,marque,location,capacite,annee,link_car,modele
607,9 999,Peugeot 307 II,Benzyna! Bezwypadkowy! Serwisowany! 2007!,219 000 km,Peugeot,"Będzin, będziński, Śląskie, Śródmieście",1 587 cm3,2007,https://www.otomoto.pl/oferta/peugeot-307-benzyna-bezwypadkowy-serwisowany-2007-ID6BzPMa.html#4b96ca4051,307
502,34 000,Škoda Octavia II,,156 000 km,Škoda,"Warzymice, policki, Zachodniopomorskie",1 598 cm3,2011,https://www.otomoto.pl/oferta/skoda-octavia-ID6z2zUB.html#4b96ca4051,Octavia
503,21 500,Kia Ceed I,"Super stan, serwisowany, lift,klimatyzacja 5 drzwi",192 000 km,Kia,"Nowokarsiborska 5 - 72-600 Świnoujście, Zachodniopomorskie (Polska)",1 582 cm3,2010,https://www.otomoto.pl/oferta/kia-ceed-super-stan-serwisowany-lift-klimatyzacja-5-drzwi-ID6BA3dI.html#4b96ca4051,Ceed
601,24 900,Volkswagen Polo V,"Gwarancja VIP Gwarant, 12/2013r, 93tys.km ks.serwis,Klimatronic",93 400 km,Volkswagen,"Jagienki 32 - 42-226 Częstochowa, Śródmieście (Polska)",1 198 cm3,2013,https://www.otomoto.pl/oferta/volkswagen-polo-gwarancja-vip-gwarant-12-2013r-93tys-km-ks-serwis-klimatronic-ID6Bz12t.html#4b96ca4051,Polo
606,34 900,Volkswagen Tiguan I,Volkswagen Tiguan Salon Polska 4x4 Motion Panorama,230 000 km,Volkswagen,"Ropczyce, ropczycko-sędziszowski, Podkarpackie",1 968 cm3,2009,https://www.otomoto.pl/oferta/volkswagen-tiguan-volkswagen-tiguan-salon-polska-4x4-motion-panorama-ID6Bxcq1.html#4b96ca4051,Tiguan
500,23 500,Honda Civic VIII,1.8 i VTEC 140 KM 100 000 km,100 170 km,Honda,"Ustronie Morskie, kołobrzeski, Zachodniopomorskie",1 799 cm3,2007,https://www.otomoto.pl/oferta/honda-civic-1-8-i-vtec-140-km-100-000-km-ID6Bz10K.html#4b96ca4051,Civic
+48,295 000,BMW Seria 5 G30,BMW serii 5 Limuzyna M550i xDrive,12 000 km,BMW,"Dołuje, policki, Zachodniopomorskie",4 395 cm3,2017,https://www.otomoto.pl/oferta/bmw-seria-5-bmw-serii-5-limuzyna-m550i-xdrive-ID6BA39o.html#4b96ca4051,Seria 5
426,164 500,Volkswagen Passat B8,"Lim. High. 2.0TDI R Line 4MOTION 190KM DSG, Wyprzedaż Rocznika w ASO",1 km,Volkswagen,"Niciarniana 51/53 - 92-320 Łódź, Łódzkie (Polska)",1 968 cm3,2018,https://www.otomoto.pl/oferta/volkswagen-passat-lim-high-2-0tdi-r-line-4motion-190km-dsg-wyprzedaz-rocznika-w-aso-ID6AzLnf.html#4b96ca4051,Passat
+48,25 900,Volkswagen Golf VI,"GOLF VI 1.4 80KM 5 DRZWI ALU16 2xParktronik Klimatronik GWARANCJA, ASO",198 000 km,Volkswagen,"Czarny Dwór 2 - 80-365 Gdańsk, Pomorskie (Polska)",1 390 cm3,2009,https://www.otomoto.pl/oferta/volkswagen-golf-golf-vi-1-4-80km-5-drzwi-alu16-2xparktronik-klimatronik-gwarancja-aso-ID6AAx9F.html#4b96ca4051,Golf
717,138 150,Peugeot 3008 II,1.2 PureTech 130KM 'ALLURE' Panorama|Kamery|FOCAL|Opcje|RABAT!!!,1 km,Peugeot,"Strzegomska - 53-413 Wrocław, Śródmieście (Polska)",1 199 cm3,2018,https://www.otomoto.pl/oferta/peugeot-3008-1-2-puretech-130km-allure-panorama-kamery-focal-opcje-rabat-ID6Bw1h5.html#4b96ca4051,3008
509,29 900,Volkswagen Passat B7,*2.0TDI CR 140PS * NAVI * kombi * FuLL Serwis *,279 000 km,Volkswagen,"Stargardzka 16 - 73-110 Lipnik, stargardzki, Zachodniopomorskie (Polska)",2 000 cm3,2011,https://www.otomoto.pl/oferta/volkswagen-passat-2-0tdi-cr-140ps-navi-kombi-full-serwis-ID6B95rv.html#4b96ca4051,Passat
666,130 000,Jaguar XJ X351,Musimy się dogadać Auto jak nowe,95 000 km,Jaguar,"Nysa, nyski, Opolskie",3 000 cm3,2011,https://www.otomoto.pl/oferta/jaguar-xj-musimy-sie-dogadac-auto-jak-nowe-ID6BztJv.html#4b96ca4051,XJ
509,45 900,Hyundai i40,"Salon Polska,1 właściciel, zadbany",193 000 km,Hyundai,"Nadrzeczna 22 - 05-300 Mińsk Mazowiecki, miński, Mazowieckie (Polska)",1 700 cm3,2015,https://www.otomoto.pl/oferta/hyundai-i40-salon-polska-1-wlasciciel-zadbany-ID6BA3dO.html#4b96ca4051,i40
426,89 500,Volkswagen Golf VII,"High. 1.6TDI 115KM, Navi, Podgrz. fot, Led, Wyprzedaż Rocznika w ASO",1 km,Volkswagen,"Niciarniana 51/53 - 92-320 Łódź, Łódzkie (Polska)",1 598 cm3,2018,https://www.otomoto.pl/oferta/volkswagen-golf-high-1-6tdi-115km-navi-podgrz-fot-led-wyprzedaz-rocznika-w-aso-ID6A4QGf.html#4b96ca4051,Golf
607,84 900,Volkswagen Golf Sportsvan,Comfortline 1.5 TSI 130 KM Wyprzedaż Rocznika w ASO Plichta,3 000 km,Volkswagen,"LUBOWIDZKA 42 - 80-174 Gdańsk, Jasień (Polska)",1 500 cm3,2018,https://www.otomoto.pl/oferta/volkswagen-golf-sportsvan-comfortline-1-5-tsi-130-km-wyprzedaz-rocznika-w-aso-plichta-ID6BA3db.html#4b96ca4051,Golf Sportsvan
609,37 900,Nissan Qashqai I,2.0 DIESEL (150KM) 2011r LIFT NAVI KAMERA Panorama BOSE Xenon,207 000 km,Nissan,"Płock, Mazowieckie",1 995 cm3,2011,https://www.otomoto.pl/oferta/nissan-qashqai-2-0-diesel-150km-2011r-lift-navi-kamera-panorama-bose-xenon-ID6Br3Sr.html#4b96ca4051,Qashqai
426,138 500,Volkswagen Golf VII,"GTI 2.0TSI 245KM DSG, Dach szkl, Kamera, Wyprzedaż Rocznika w ASO",1 km,Volkswagen,"Niciarniana 51/53 - 92-320 Łódź, Łódzkie (Polska)",1 968 cm3,2018,https://www.otomoto.pl/oferta/volkswagen-golf-gti-2-0tsi-245km-dsg-dach-szkl-kamera-wyprzedaz-rocznika-w-aso-ID6zA5ld.html#4b96ca4051,Golf
323,379 000,Mercedes-Benz GLE,GLE 350d 4Matic Coupé ! Rabat 16%,1 km,Mercedes-Benz,"ul. Daimlera 1 - 41-209 Sosnowiec, Śląskie (Polska)",2 987 cm3,2018,https://www.otomoto.pl/oferta/mercedes-benz-gle-gle-350d-4matic-coup-rabat-16-ID6BztKY.html#4b96ca4051,GLE
426,79 900,Volkswagen Golf VII,"Comf. 1.6TDI 115KM, Climatronic, Alarm, Led, Wyprzedaż Rocznika w ASO",1 km,Volkswagen,"Niciarniana 51/53 - 92-320 Łódź, Łódzkie (Polska)",1 598 cm3,2018,https://www.otomoto.pl/oferta/volkswagen-golf-comf-1-6tdi-115km-climatronic-alarm-led-wyprzedaz-rocznika-w-aso-ID6A4RDv.html#4b96ca4051,Golf
600,29 900,Volkswagen Golf VI,"1.4 Highline TSI wymieniony rozrząd, pierwszy właściciel z salonu PL",123 000 km,Volkswagen,"Wrocław, Dolnośląskie, Śródmieście",1 400 cm3,2010,https://www.otomoto.pl/oferta/volkswagen-golf-1-4-highline-tsi-wymieniony-rozrzad-pierwszy-wlasciciel-z-salonu-pl-ID6BywsU.html#4b96ca4051,Golf
614,68 999,Volvo XC 60 I,#WD7604E# D4 AWD Momentum #Salon Polska #FV23%,94 082 km,Volvo,"Platynowa 8 - 62-052 Komorniki, poznański, Wielkopolskie (Polska)",2 400 cm3,2012,https://www.otomoto.pl/oferta/volvo-xc-60-wd7604e-d4-awd-momentum-salon-polska-fv23-ID6Akxkc.html#4b96ca4051,XC 60
717,71 499,Škoda RAPID,1.0 TSI 110KM Style+P.COMFORT+Navi.AMUNDSEN+Opcje | Super Okazja!,1 km,Škoda,"Strzegomska - 53-413 Wrocław, Śródmieście (Polska)",999 cm3,2018,https://www.otomoto.pl/oferta/skoda-rapid-1-0-tsi-110km-style-p-comfort-navi-amundsen-opcje-super-okazja-ID6BztFj.html#4b96ca4051,RAPID
799,149 900,Mini Countryman,HYBRYDA Cooper SE ALL4/48mc/bez wpłaty/1610 netto,5 km,Mini,"Ostrobramska 73 - 04-175 Warszawa, Mazowieckie (Polska)",Hybryda,2018,https://www.otomoto.pl/oferta/mini-countryman-hybryda-cooper-se-all4-48mc-bez-wplaty-1610-netto-ID6ByG3M.html#4b96ca4051,Countryman
733,23 500,Renault Clio II,Sport 2.0 182 Km* Ragnotti *,59 000 km,Renault,"Żabno, tarnowski, Małopolskie",2 000 cm3,2003,https://www.otomoto.pl/oferta/renault-clio-sport-2-0-182-km-ragnotti-ID6BztEK.html#4b96ca4051,Clio
604,64 200,Volkswagen Passat B8,,56 000 km,Volkswagen,"Swarzędz, poznański, Wielkopolskie",1 968 cm3,2015,https://www.otomoto.pl/oferta/volkswagen-passat-ID6BtWw5.html#4b96ca4051,Passat
426,113 900,Volkswagen Passat B8,"Var City 1.5TSI 150KM, Led, Kier. multi, Wyprzedaż Rocznika w ASO",1 km,Volkswagen,"Niciarniana 51/53 - 92-320 Łódź, Łódzkie (Polska)",1 498 cm3,2018,https://www.otomoto.pl/oferta/volkswagen-passat-var-city-1-5tsi-150km-led-kier-multi-wyprzedaz-rocznika-w-aso-ID6BzaDG.html#4b96ca4051,Passat
426,141 500,Volkswagen Passat B8,"Var. High. 2.0TDI 150KM DSG, Kamera, Navi, Wyprzedaż Rocznika w ASO",1 km,Volkswagen,"Niciarniana 51/53 - 92-320 Łódź, Łódzkie (Polska)",1 968 cm3,2018,https://www.otomoto.pl/oferta/volkswagen-passat-var-high-2-0tdi-150km-dsg-kamera-navi-wyprzedaz-rocznika-w-aso-ID6BtoMe.html#4b96ca4051,Passat
426,133 900,Volkswagen Passat B8,"Lim High 2.0TDI 150KM DSG, Kamera, Navi, Led, Wyprzedaż Rocznika w ASO",1 km,Volkswagen,"Niciarniana 51/53 - 92-320 Łódź, Łódzkie (Polska)",1 968 cm3,2018,https://www.otomoto.pl/oferta/volkswagen-passat-lim-high-2-0tdi-150km-dsg-kamera-navi-led-wyprzedaz-rocznika-w-aso-ID6Bu4KW.html#4b96ca4051,Passat
426,116 900,Volkswagen Passat B8,"Lim City 2.0TDI 150KM DSG, Navi, Podgrz. fot, Wyprzedaż Rocznika w ASO",1 km,Volkswagen,"Niciarniana 51/53 - 92-320 Łódź, Łódzkie (Polska)",1 968 cm3,2018,https://www.otomoto.pl/oferta/volkswagen-passat-lim-city-2-0tdi-150km-dsg-navi-podgrz-fot-wyprzedaz-rocznika-w-aso-ID6BtoGA.html#4b96ca4051,Passat
501,16 999,Dacia Duster,Laureate 1.5DCI Kima 110KM Alu 129tkm,129 000 km,Dacia,"Niegosławska 7 - 66-530 Drezdenko, strzelecko-drezdenecki, Lubuskie (Polska)",1 461 cm3,2012,https://www.otomoto.pl/oferta/dacia-duster-laureate-1-5dci-kima-110km-alu-129tkm-ID6Bydwq.html#4b96ca4051,Duster
515,325 000,Porsche Panamera,"GTS V8 440 km, bezwypad., pneumatyka, pierwszy wł., okazja!",92 000 km,Porsche,"Poznań, Wielkopolskie, Nowe Miasto",4 806 cm3,2014,https://www.otomoto.pl/oferta/porsche-panamera-gts-v8-440-km-bezwypad-pneumatyka-pierwszy-wl-okazja-ID6BqmNg.html#4b96ca4051,Panamera
222,229 000,Jeep Wrangler III,,1 km,Jeep,"Aleje Jerozolimskie - 00-001 Warszawa, Śródmieście (Polska)",1 995 cm3,2018,https://www.otomoto.pl/oferta/jeep-wrangler-ID6By7Is.html#4b96ca4051,Wrangler
426,72 900,Volkswagen Golf VII,"Var Trend 1.0TSI 115KM, Kier. multi, Alu, Wyprzedaż Rocznika w ASO",1 km,Volkswagen,"Niciarniana 51/53 - 92-320 Łódź, Łódzkie (Polska)",999 cm3,2018,https://www.otomoto.pl/oferta/volkswagen-golf-var-trend-1-0tsi-115km-kier-multi-alu-wyprzedaz-rocznika-w-aso-ID6BctMu.html#a1e7463c76,Golf
668,76 900,Volkswagen Tiguan I,**GWARANCJA** 49tys.km **177PS** CITYSCAPE *Najbogatsze Wyposażenia*,49 000 km,Volkswagen,"Chojnicka 19 - 89-430 Kamień Krajeński, sępoleński, Kujawsko-pomorskie (Polska)",2 000 cm3,2014,https://www.otomoto.pl/oferta/volkswagen-tiguan-gwarancja-49tys-km-177ps-cityscape-najbogatsze-wyposazenia-ID6BA39V.html#a1e7463c76,Tiguan
426,71 500,Volkswagen Golf VII,"Var Trend. 1.0TSI 115KM, Cz. park, Bluetooth, Wyprzedaż Rocznika w ASO",1 km,Volkswagen,"Niciarniana 51/53 - 92-320 Łódź, Łódzkie (Polska)",999 cm3,2018,https://www.otomoto.pl/oferta/volkswagen-golf-var-trend-1-0tsi-115km-cz-park-bluetooth-wyprzedaz-rocznika-w-aso-ID6Bct4i.html#a1e7463c76,Golf
512,15 555,Fiat Qubo,1.4 Benzyna w BDB stanie. Klima 5 drzwi Org. Lakier dużo nowych części,190 000 km,Fiat,"Kaliska, starogardzki, Pomorskie",1 400 cm3,2008,https://www.otomoto.pl/oferta/fiat-qubo-1-4-benzyna-w-bdb-stanie-klima-5-drzwi-org-lakier-duzo-nowych-czesci-ID6Bzty7.html#a1e7463c76,Qubo
513,20 600,Subaru Legacy IV,"2,0 R Benzyna",152 435 km,Subaru,"Płock, Mazowieckie",1 994 cm3,2008,https://www.otomoto.pl/oferta/subaru-legacy-2-0-r-benzyna-ID6BA2Pl.html#a1e7463c76,Legacy
799,38 500,Suzuki Grand Vitara II,"2,4 VVT 169 KM 4X4 Dealer Plichta",159 309 km,Suzuki,"Morska 318 - 81-006 Gdynia, Chylonia (Polska)",2 400 cm3,2010,https://www.otomoto.pl/oferta/suzuki-grand-vitara-2-4-vvt-169-km-4x4-dealer-plichta-ID6ByG2D.html#a1e7463c76,Grand Vitara
503,31 900,Opel Insignia A,2.0 CDTI 130KM Cosmo Mały Przebieg Serwis do konca Polecam,143 000 km,Opel,"Sławków, będziński, Śląskie",2 000 cm3,2010,https://www.otomoto.pl/oferta/opel-insignia-2-0-cdti-130km-cosmo-maly-przebieg-serwis-do-konca-polecam-ID6Bztye.html#a1e7463c76,Insignia
502,29 900,Škoda RAPID,Skoda Rapid 2015r.. / Bogate wyposażenie / Serwisowane/ Salon,132 541 km,Škoda,"Ostrołęka, Mazowieckie",1 200 cm3,2015,https://www.otomoto.pl/oferta/skoda-rapid-skoda-rapid-2015r-bogate-wyposazenie-serwisowane-salon-ID6A90eN.html#a1e7463c76,RAPID
799,62 900,Volkswagen Golf VII,"2,0 TDI 150 KM Highline Gwarancja Dealer Plichta",111 352 km,Volkswagen,"Morska 318 - 81-006 Gdynia, Chylonia (Polska)",2 000 cm3,2016,https://www.otomoto.pl/oferta/volkswagen-golf-2-0-tdi-150-km-highline-gwarancja-dealer-plichta-ID6ByG2E.html#a1e7463c76,Golf
664,73 900,BMW Seria 5 F10,Sprzedam Piekne BMW f10,217 000 km,BMW,"Ostrów Mazowiecka, ostrowski, Mazowieckie",Diesel,2011,https://www.otomoto.pl/oferta/bmw-seria-5-sprzedam-piekne-bmw-f10-ID6Bztl4.html#a1e7463c76,Seria 5
158,149 990,DS Automobiles DS 7 Crossback,"2.0 BlueHDi GrandChic aut 180KM, FOCAL, Panorama, jak NOWY, FV23",17 872 km,DS Automobiles,"Grębów / Jamnica 160 - 37-450 Stalowa Wola, stalowowolski, Podkarpackie (Polska)",1 997 cm3,2018,https://www.otomoto.pl/oferta/ds-automobiles-ds-7-crossback-2-0-bluehdi-grandchic-aut-180km-focal-panorama-jak-nowy-fv23-ID6ByG23.html#a1e7463c76,DS 7 Crossback
799,109 100,Volkswagen Passat B8,Limousine 2.0 TDI 150KM City Media LED Wyprzedaż Rocznika w ASO,10 km,Volkswagen,"ul. Radzymińska 78 - 03-752 Warszawa, Praga-Północ (Polska)",1 968 cm3,2018,https://www.otomoto.pl/oferta/volkswagen-passat-limousine-2-0-tdi-150km-city-media-led-wyprzedaz-rocznika-w-aso-ID6zNW6M.html#a1e7463c76,Passat
533,18 450,Opel Corsa D,"1.2(80KM) 5d, bezwypadkowy, udok przebieg 97tys km PEŁNA DOKUMENTACJA",97 830 km,Opel,"Wołomin, wołomiński, Mazowieckie",1 229 cm3,2009,https://www.otomoto.pl/oferta/opel-corsa-1-280km-5d-bezwypadkowy-udok-przebieg-97tys-km-pelna-dokumentacja-ID6BA39v.html#a1e7463c76,Corsa
533,10 900,Audi A3 8L,1.6*102KM*Klima*Alu*Lift*5D*Zadbana!!!,164 000 km,Audi,"Chodel, opolski, Lubelskie",1 600 cm3,2001,https://www.otomoto.pl/oferta/audi-a3-1-6102kmklimaalulift5dzadbana-ID6BzreN.html#a1e7463c76,A3
533,31 500,Mercedes-Benz CLK W209,200*Serwis*Xenon*Skóra*Navi*Alu*Klima*PDC*Full,169 000 km,Mercedes-Benz,"Poniatowa, opolski, Lubelskie",1 800 cm3,2007,https://www.otomoto.pl/oferta/mercedes-benz-clk-200serwisxenonskoranavialuklimapdcfull-ID6Bztwe.html#a1e7463c76,CLK
222,65 599,Opel Astra K,1.4 Turbo 125KM 'Enjoy' + Biznes Plus| WYPRZEDAŻ ! SUPER CENA !,1 km,Opel,"Aleje Jerozolimskie - 00-001 Warszawa, Śródmieście (Polska)",1 399 cm3,2018,https://www.otomoto.pl/oferta/opel-astra-1-4-turbo-125km-enjoy-biznes-plus-wyprzedaz-super-cena-ID6Bzttd.html#a1e7463c76,Astra
799,105 220,Volkswagen Passat B8,Limousine 2.0 TDI 150KM City LED Zimowy Wyprzedaż Rocznika w ASO,10 km,Volkswagen,"ul. Radzymińska 78 - 03-752 Warszawa, Praga-Północ (Polska)",1 968 cm3,2018,https://www.otomoto.pl/oferta/volkswagen-passat-limousine-2-0-tdi-150km-city-led-zimowy-wyprzedaz-rocznika-w-aso-ID6ADkG3.html#a1e7463c76,Passat
+48,67 900,Volkswagen Tiguan I,"2.0TDI 140KM SalonPL,1Właściciel,Serwis,Bezwypadek,VAT23,Gwarancja",97 300 km,Volkswagen,"lubelska 50E - 35-233 Rzeszów, Podkarpackie (Polska)",1 968 cm3,2014,https://www.otomoto.pl/oferta/volkswagen-tiguan-2-0tdi-140km-salonpl-1wlasciciel-serwis-bezwypadek-vat23-gwarancja-ID6Br6iH.html#a1e7463c76,Tiguan
799,74 600,Volkswagen Golf VII,FL Variant 1.0 TSI 115 KM City Alarm Wyprzedaż Rocznika w ASO,10 km,Volkswagen,"ul. Radzymińska 78 - 03-752 Warszawa, Praga-Północ (Polska)",999 cm3,2018,https://www.otomoto.pl/oferta/volkswagen-golf-fl-variant-1-0-tsi-115-km-city-alarm-wyprzedaz-rocznika-w-aso-ID6zYxCc.html#a1e7463c76,Golf
799,56 630,Volkswagen Polo VI,NOWE POLO - 1.0 TSI 95KM Comfortline Komfort Wyprzedaż Rocznika w ASO,10 km,Volkswagen,"ul. Radzymińska 78 - 03-752 Warszawa, Praga-Północ (Polska)",999 cm3,2018,https://www.otomoto.pl/oferta/volkswagen-polo-nowe-polo-1-0-tsi-95km-comfortline-komfort-wyprzedaz-rocznika-w-aso-ID6AP4pJ.html#a1e7463c76,Polo
799,173 190,Volkswagen Passat B8,Limousine 2.0 TDI 190KM DSG Highline R-Line Wyprzedaż Rocznika w ASO,10 km,Volkswagen,"ul. Radzymińska 78 - 03-752 Warszawa, Praga-Północ (Polska)",1 968 cm3,2018,https://www.otomoto.pl/oferta/volkswagen-passat-limousine-2-0-tdi-190km-dsg-highline-r-line-wyprzedaz-rocznika-w-aso-ID6AcKlB.html#a1e7463c76,Passat
799,82 520,Volkswagen Golf VII,FL 1.6 TDI 115 KM Comfortline LED Business Wyprzedaż Rocznika w ASO,10 km,Volkswagen,"ul. Radzymińska 78 - 03-752 Warszawa, Praga-Północ (Polska)",1 598 cm3,2018,https://www.otomoto.pl/oferta/volkswagen-golf-fl-1-6-tdi-115-km-comfortline-led-business-wyprzedaz-rocznika-w-aso-ID6AV3G9.html#a1e7463c76,Golf
799,79 500,Volkswagen Golf VII,FL 1.6 TDI 115KM Comfortline LED Mid Business Wyprzedaż Rocznika w ASO,10 km,Volkswagen,"ul. Radzymińska 78 - 03-752 Warszawa, Praga-Północ (Polska)",1 598 cm3,2018,https://www.otomoto.pl/oferta/volkswagen-golf-fl-1-6-tdi-115km-comfortline-led-mid-business-wyprzedaz-rocznika-w-aso-ID6AT0O9.html#a1e7463c76,Golf
603,18 900,Audi A4 B7,"Wersja S line, 2008 r., webasto, w kraju od 2010 r.",171 000 km,Audi,"Poznań, Wielkopolskie, Stare Miasto",1 968 cm3,2008,https://www.otomoto.pl/oferta/audi-a4-wersja-s-line-2008-r-webasto-w-kraju-od-2010-r-ID6z9efz.html#a1e7463c76,A4
799,83 200,Volkswagen T-Roc,1.0 TSI 115KM Pakiet Komfort Zimowy  Wyprzedaż Rocznika w ASO,10 km,Volkswagen,"ul. Radzymińska 78 - 03-752 Warszawa, Praga-Północ (Polska)",999 cm3,2018,https://www.otomoto.pl/oferta/volkswagen-t-roc-1-0-tsi-115km-pakiet-komfort-zimowy-wyprzedaz-rocznika-w-aso-ID6Buahe.html#a1e7463c76,T-Roc
533,15 900,Ford Maverick,Serwis*Reduktor*4x4*Webasto*Tempomat*Skóra*Klima*Alu*XLT,179 000 km,Ford,"Niezabitów, opolski, Lubelskie",2 000 cm3,2004,https://www.otomoto.pl/oferta/ford-maverick-serwisreduktor4x4webastotempomatskoraklimaaluxlt-ID6Bzrio.html#a1e7463c76,Maverick
519,36 900,Audi A3 8P,"SPORT 2.0T benzyna 200KM SKÓRY, łopatki F1, czarna perła 2010 LIFT ! !",131 000 km,Audi,"Zamość, Lubelskie",2 000 cm3,2010,https://www.otomoto.pl/oferta/audi-a3-sport-2-0t-benzyna-200km-skory-lopatki-f1-czarna-perla-2010-lift-ID6BzYby.html#a1e7463c76,A3
799,142 550,Volkswagen Tiguan II,2.0 TDI 150KM Highline R-Line Ex Premium Wyprzedaż Rocznika w ASO,10 km,Volkswagen,"ul. Radzymińska 78 - 03-752 Warszawa, Praga-Północ (Polska)",1 968 cm3,2018,https://www.otomoto.pl/oferta/volkswagen-tiguan-2-0-tdi-150km-highline-r-line-ex-premium-wyprzedaz-rocznika-w-aso-ID6B91yI.html#a1e7463c76,Tiguan
799,93 150,Volkswagen Golf VII,FL 1.5 TSI 130KM DSG Comfortline Komfort Wyprzedaż Rocznika w ASO,10 km,Volkswagen,"ul. Radzymińska 78 - 03-752 Warszawa, Praga-Północ (Polska)",1 500 cm3,2018,https://www.otomoto.pl/oferta/volkswagen-golf-fl-1-5-tsi-130km-dsg-comfortline-komfort-wyprzedaz-rocznika-w-aso-ID6zvA1l.html#a1e7463c76,Golf
509,38 900,Lexus LS III,430 rok 2006 Lift Wersja President,299 000 km,Lexus,"Gdańsk, Pomorskie, Piecki-Migowo",4 300 cm3,2006,https://www.otomoto.pl/oferta/lexus-ls-430-rok-2006-lift-wersja-president-ID6BztmL.html#e5be029ab4,LS
530,78 237,Kia Sportage IV,1.6 132KM Wersja S,4 km,Kia,"Ks. Jerzego Popiełuszki 2 - 87-100 Toruń, Kujawsko-pomorskie (Polska)",1 600 cm3,2018,https://www.otomoto.pl/oferta/kia-sportage-1-6-132km-wersja-s-ID6BztxZ.html#a1e7463c76,Sportage
122,94 900,Opel,Grandland x 1.2 130 km,18 260 km,Opel,"GÓRA LIBERTOWSKA 12 - 30-444 Libertów, krakowski, Małopolskie (Polska)",1 199 cm3,2017,https://www.otomoto.pl/oferta/opel-grandland-x-1-2-130-km-ID6A4oV0.html#a1e7463c76,Inny
519,45 900,BMW Seria 3 E90,X DRIVE 4x4 2.0d 184KM oryg. M PAKIET skóry NAVI jak nowa 155.000km!!,155 000 km,BMW,"Tomaszów Lubelski, tomaszowski, Lubelskie",2 000 cm3,2010,https://www.otomoto.pl/oferta/bmw-seria-3-x-drive-4x4-2-0d-184km-oryg-m-pakiet-skory-navi-jak-nowa-155-000km-ID6BydEX.html#a1e7463c76,Seria 3
530,1 350,Citroën Xsara I,"Xsara 1,4 benzyna/5drzwi/OC do maja 2019r/progi i podłoga całe",259 500 km,Citroën,"Gliwice, Śląskie, Sośnica",1 400 cm3,1999,https://www.otomoto.pl/oferta/citroen-xsara-xsara-1-4-benzyna-5drzwi-oc-do-maja-2019r-progi-i-podloga-cale-ID6Bzted.html#e5be029ab4,Xsara
601,23 900,Citroën C1 II,"Okazja , zadbany stan bardzo dobry",28 650 km,Citroën,"Nakło Śląskie, tarnogórski, Śląskie",998 cm3,2016,https://www.otomoto.pl/oferta/citroen-c1-okazja-zadbany-stan-bardzo-dobry-ID6BwmJE.html#e5be029ab4,C1
799,57 700,Volkswagen Polo VI,Comfortline 1.0 TSI 95 KM - Wyprzedaż Rocznika w ASO,5 km,Volkswagen,"Szczecińska 36/38 - 91-222 Łódź, Bałuty (Polska)",1 000 cm3,2018,https://www.otomoto.pl/oferta/volkswagen-polo-comfortline-1-0-tsi-95-km-wyprzedaz-rocznika-w-aso-ID6ByLRl.html#e5be029ab4,Polo
666,9 900,Opel Corsa D,VAT 1 Ciekawa Wersja dla firmy Zyskuj odliczaj Faktura Vat,397 000 km,Opel,"Margonińska 3A - 64-800 Rataje, chodzieski, Wielkopolskie (Polska)",1 248 cm3,2010,https://www.otomoto.pl/oferta/opel-corsa-vat-1-ciekawa-wersja-dla-firmy-zyskuj-odliczaj-faktura-vat-ID6BA37d.html#e5be029ab4,Corsa
799,131 500,Volkswagen Tiguan II,COMFORTLINE 2.0 TDI 150 KM DSG  Wyprzedaż Rocznika w ASO,5 km,Volkswagen,"Szczecińska 36/38 - 91-222 Łódź, Bałuty (Polska)",2 000 cm3,2018,https://www.otomoto.pl/oferta/volkswagen-tiguan-comfortline-2-0-tdi-150-km-dsg-wyprzedaz-rocznika-w-aso-ID6ByI9u.html#e5be029ab4,Tiguan
609,339 318,Audi A6 C8,3.0 TDI quattro 286 KM Tiptronic Wyprzedaż rocznika w ASO,10 km,Audi,"Bukowska 287A - 60-189 Poznań, Grunwald (Polska)",2 967 cm3,2018,https://www.otomoto.pl/oferta/audi-a6-3-0-tdi-quattro-286-km-tiptronic-wyprzedaz-rocznika-w-aso-ID6B6Sfy.html#e5be029ab4,A6
799,66 420,Volkswagen Golf VII,Golf Trendline 1.0 TSI 85 KM LED - Wyprzedaż Rocznika w ASO,5 km,Volkswagen,"Szczecińska 36/38 - 91-222 Łódź, Bałuty (Polska)",1 000 cm3,2018,https://www.otomoto.pl/oferta/volkswagen-golf-golf-trendline-1-0-tsi-85-km-led-wyprzedaz-rocznika-w-aso-ID6AWmaz.html#e5be029ab4,Golf
+48,58 900,Peugeot 508,2.0 HDI 163 KM SUPER Stan,135 293 km,Peugeot,"Złoty Stok, ząbkowicki, Dolnośląskie",1 997 cm3,2015,https://www.otomoto.pl/oferta/peugeot-508-2-0-hdi-163-km-super-stan-ID6AWzPl.html#e5be029ab4,508
609,451 466,Audi A6 C8,Avant 3.0 TDI quattro 286 KM Tiptronic Wyprzedaż rocznika w ASO,10 km,Audi,"Bukowska 287A - 60-189 Poznań, Grunwald (Polska)",2 967 cm3,2018,https://www.otomoto.pl/oferta/audi-a6-avant-3-0-tdi-quattro-286-km-tiptronic-wyprzedaz-rocznika-w-aso-ID6BqLhM.html#e5be029ab4,A6
791,39 000,Toyota Yaris III,Nowa instalacja gazowa.Toyota Yaris III Premium City+Cool 5 drzwiowa,21 340 km,Toyota,"Jastrzębie-Zdrój, Śląskie",1 329 cm3,2014,https://www.otomoto.pl/oferta/toyota-yaris-nowa-instalacja-gazowa-toyota-yaris-iii-premium-city-cool-5-drzwiowa-ID6Bz65X.html#e5be029ab4,Yaris
799,120 900,Volkswagen Passat B8,Comfortline 2.0 TDI 150 KM DSG - Wyprzedaż Rocznika w ASO,5 km,Volkswagen,"Szczecińska 36/38 - 91-222 Łódź, Bałuty (Polska)",2 000 cm3,2018,https://www.otomoto.pl/oferta/volkswagen-passat-comfortline-2-0-tdi-150-km-dsg-wyprzedaz-rocznika-w-aso-ID6Bv2i4.html#e5be029ab4,Passat
519,51 900,Audi A5 8T,Audi a5 280 km full opcja zamiana,160 000 km,Audi,"Grudziądz, Kujawsko-pomorskie",3 000 cm3,2008,https://www.otomoto.pl/oferta/audi-a5-audi-a5-280-km-full-opcja-zamiana-ID6BztmT.html#e5be029ab4,A5
690,36 900,Alfa Romeo Giulietta,__ Quadrifoglio VERDE __ Anielska diablica __ 235 KONI __ &&&,176 000 km,Alfa Romeo,"Nowy Kamion - 96-512 Nowy Kamion, sochaczewski, Mazowieckie (Polska)",1 750 cm3,2011,https://www.otomoto.pl/oferta/alfa-romeo-giulietta-quadrifoglio-verde-anielska-diablica-235-koni-ID6AYXbP.html#e5be029ab4,Giulietta
537,54 900,Kia Sportage III,2.0 184KM AWD Duża Navi Ledy Automat Xenony Kamera *Gwarancja*,168 700 km,Kia,"Stryjska, 24 - 81-506 Gdynia, Redłowo (Polska)",1 998 cm3,2013,https://www.otomoto.pl/oferta/kia-sportage-2-0-184km-awd-duza-navi-ledy-automat-xenony-kamera-gwarancja-ID6BuLVC.html#e5be029ab4,Sportage
+48,37 499,Opel Insignia A,"220KM! ALU20"", Koła zimowe gratis! Bezwypadek, Serwis tylko w ASO, TOP",182 000 km,Opel,"Odrzańska 58 - 46-050 Kąty Opolskie, opolski, Opolskie (Polska)",1 998 cm3,2010,https://www.otomoto.pl/oferta/opel-insignia-220km-alu20-kola-zimowe-gratis-bezwypadek-serwis-tylko-w-aso-top-ID6BuNig.html#e5be029ab4,Insignia
323,383 000,Mercedes-Benz GLE,GLE 350d 4Matic Coupé ! Rabat 72 500 zł,1 km,Mercedes-Benz,"ul. Daimlera 1 - 41-209 Sosnowiec, Śląskie (Polska)",2 987 cm3,2018,https://www.otomoto.pl/oferta/mercedes-benz-gle-gle-350d-4matic-coup-rabat-72-500-zl-ID6Bztpj.html#e5be029ab4,GLE
608,6 999,Volkswagen Bora,VW Bora Golf IV * 1.9 TDI 115 KM * 2000r. * Klima * Opłacona *,238 000 km,Volkswagen,"Ciechanów, ciechanowski, Mazowieckie",1 900 cm3,2000,https://www.otomoto.pl/oferta/volkswagen-bora-vw-bora-golf-iv-1-9-tdi-115-km-2000r-klima-oplacona-ID6BnIHc.html#e5be029ab4,Bora
502,51 900,Mercedes-Benz Klasa E W212,Avangarde//Super stan//Gwarancja,246 000 km,Mercedes-Benz,"Kisielany - 08-110 Siedlce, Mazowieckie (Polska)",2 200 cm3,2009,https://www.otomoto.pl/oferta/mercedes-benz-klasa-e-avangarde-super-stan-gwarancja-ID6BvazT.html#e5be029ab4,Klasa E
791,79 900,Jeep Renegade,"LIMITED 4x4, navi, PL menu",35 654 km,Jeep,"Pniewy, szamotulski, Wielkopolskie",2 360 cm3,2016,https://www.otomoto.pl/oferta/jeep-renegade-limited-4x4-navi-pl-menu-ID6BphQA.html#e5be029ab4,Renegade
225,374 900,BMW X5 M,BMW X5 M50d | Harman&Kardon | Asyst.parkowania | Head Up!,15 166 km,BMW,"al.Prymasa Tysiąclecia 64 - 01-424 Warszawa, Wola (Polska)",3 000 cm3,2018,https://www.otomoto.pl/oferta/bmw-x5-m-bmw-x5-m50d-harman-kardon-asyst-parkowania-head-up-ID6BA38G.html#e5be029ab4,X5 M
426,379 900,Volkswagen Touareg III,"R Line 3.0 V6 TDI 286KM Tiptronic, Kamera, Wyprzedaż Rocznika w ASO",1 km,Volkswagen,"Niciarniana 51/53 - 92-320 Łódź, Łódzkie (Polska)",2 967 cm3,2018,https://www.otomoto.pl/oferta/volkswagen-touareg-r-line-3-0-v6-tdi-286km-tiptronic-kamera-wyprzedaz-rocznika-w-aso-ID6Bs3b0.html#e5be029ab4,Touareg
505,11 900,Toyota Yaris II,"1.4 D4D, wersja SOL, Klimatronik,ALU, koła zimowe ALU, stan bdb",220 000 km,Toyota,"Skarszewy, starogardzki, Pomorskie",1 364 cm3,2006,https://www.otomoto.pl/oferta/toyota-yaris-1-4-d4d-wersja-sol-klimatronik-alu-kola-zimowe-alu-stan-bdb-ID6BxQQ1.html#e3a67ddec1,Yaris
601,41 900,Peugeot 308 T8,Salon Polska Gwarancja 1.6 THP 125KM Active,86 450 km,Peugeot,"ul. Poznańska 156 - 62-052 Komorniki, poznański, Wielkopolskie (Polska)",1 600 cm3,2014,https://www.otomoto.pl/oferta/peugeot-308-salon-polska-gwarancja-1-6-thp-125km-active-ID6BykvW.html#e5be029ab4,308
664,14 990,Volkswagen Transporter T4,2.5 TDI Lifting! Holenderka! Dokka! Brygadówka! Stan idealny!,256 000 km,Volkswagen,"Szczecin, Zachodniopomorskie, Śródmieście",2 500 cm3,2001,https://www.otomoto.pl/oferta/volkswagen-transporter-2-5-tdi-lifting-holenderka-dokka-brygadowka-stan-idealny-ID6BA38L.html#e5be029ab4,Transporter
727,68 888,Opel Vivaro II,LONG 1.6 bez Ad Blue! 120KM SalonPL SerwASO 9osób Navi klima 2kpl.opon,137 000 km,Opel,"Świdwin, świdwiński, Zachodniopomorskie",1 600 cm3,2015,https://www.otomoto.pl/oferta/opel-vivaro-long-1-6-bez-ad-blue-120km-salonpl-serwaso-9osob-navi-klima-2kpl-opon-ID6zS1Nw.html#e3a67ddec1,Vivaro
799,57 200,Volkswagen Polo VI,"Comfortline 1,0 TSI 95 KM - Wyprzedaż Rocznika w ASO",5 km,Volkswagen,"Szczecińska 36/38 - 91-222 Łódź, Bałuty (Polska)",1 000 cm3,2018,https://www.otomoto.pl/oferta/volkswagen-polo-comfortline-1-0-tsi-95-km-wyprzedaz-rocznika-w-aso-ID6BoVnn.html#e3a67ddec1,Polo
799,57 700,Volkswagen Polo VI,"Comfortline 1,0 TSI 95 KM - Wyprzedaż Rocznika w ASO",5 km,Volkswagen,"Szczecińska 36/38 - 91-222 Łódź, Bałuty (Polska)",1 000 cm3,2018,https://www.otomoto.pl/oferta/volkswagen-polo-comfortline-1-0-tsi-95-km-wyprzedaz-rocznika-w-aso-ID6BoVoA.html#e3a67ddec1,Polo
717,66 699,Opel Astra K,1.4(125KM) 'Enjoy' Pakiet Biznes Plus+Koło|Super Cena Rabat !,1 km,Opel,"Strzegomska - 53-413 Wrocław, Śródmieście (Polska)",1 399 cm3,2018,https://www.otomoto.pl/oferta/opel-astra-1-4125km-enjoy-pakiet-biznes-plus-kolo-super-cena-rabat-ID6BA36Q.html#e3a67ddec1,Astra
799,58 400,Volkswagen Polo VI,"Comfortline 1,0 TSI 95 KM - Pakiet zimowy - Wyprzedaż Rocznika w ASO",5 km,Volkswagen,"Szczecińska 36/38 - 91-222 Łódź, Bałuty (Polska)",1 000 cm3,2018,https://www.otomoto.pl/oferta/volkswagen-polo-comfortline-1-0-tsi-95-km-pakiet-zimowy-wyprzedaz-rocznika-w-aso-ID6AuCxl.html#e3a67ddec1,Polo
799,117 900,Volkswagen Passat B8,Comfortline 2.0 TDI 150 KM DSG - Wyprzedaż Rocznika w ASO,5 km,Volkswagen,"Szczecińska 36/38 - 91-222 Łódź, Bałuty (Polska)",2 000 cm3,2018,https://www.otomoto.pl/oferta/volkswagen-passat-comfortline-2-0-tdi-150-km-dsg-wyprzedaz-rocznika-w-aso-ID6Bpxfg.html#e3a67ddec1,Passat
510,39 900,Hyundai I30 II,Utrzymany Wzorowo Kamera Navi3D 2xPdc Led GWARANCJA 12 Mcy,154 932 km,Hyundai,"Ul.Oławska - 57-100 Strzelin, strzeliński, Dolnośląskie (Polska)",1 600 cm3,2015,https://www.otomoto.pl/oferta/hyundai-i30-utrzymany-wzorowo-kamera-navi3d-2xpdc-led-gwarancja-12-mcy-ID6ByFZG.html#e3a67ddec1,I30
717,84 458,Seat Arona,1.0 TSI 115KM 'XCELLENCE' Park Assist|Kamera|Opcje|Rabat!!!,1 km,Seat,"Strzegomska - 53-413 Wrocław, Śródmieście (Polska)",999 cm3,2018,https://www.otomoto.pl/oferta/seat-arona-1-0-tsi-115km-xcellence-park-assist-kamera-opcje-rabat-ID6Bw9Cj.html#e3a67ddec1,Arona
799,92 900,Volkswagen Golf VII,Variant Highline 1.5 TSI 130 KM - Wyprzedaż rocznika w ASO,5 km,Volkswagen,"Szczecińska 36/38 - 91-222 Łódź, Bałuty (Polska)",1 500 cm3,2018,https://www.otomoto.pl/oferta/volkswagen-golf-variant-highline-1-5-tsi-130-km-wyprzedaz-rocznika-w-aso-ID6By96N.html#e3a67ddec1,Golf
799,129 600,Volkswagen Tiguan II,Comfortline 2.0 TDI 150 KM DSG - Wyprzedaż Rocznika w ASO,5 km,Volkswagen,"Szczecińska 36/38 - 91-222 Łódź, Bałuty (Polska)",2 000 cm3,2018,https://www.otomoto.pl/oferta/volkswagen-tiguan-comfortline-2-0-tdi-150-km-dsg-wyprzedaz-rocznika-w-aso-ID6Bya9h.html#e3a67ddec1,Tiguan
799,29 700,Škoda Fabia II,"1,2 benzyna , Salon Polska, Bezwypadkowy, Klimatyzacja,Hak, Czujniki",77 000 km,Škoda,"NOWOTORUŃSKA 15 - 85-854 Bydgoszcz, Kujawsko-pomorskie (Polska)",1 197 cm3,2014,https://www.otomoto.pl/oferta/skoda-fabia-1-2-benzyna-salon-polska-bezwypadkowy-klimatyzacja-hak-czujniki-ID6Bs9M0.html#e3a67ddec1,Fabia
799,131 300,Volkswagen Tiguan II,Comfortline 2.0 TDI 150 KM DSG - Wyprzedaż Rocznika w ASO,5 km,Volkswagen,"Szczecińska 36/38 - 91-222 Łódź, Bałuty (Polska)",2 000 cm3,2018,https://www.otomoto.pl/oferta/volkswagen-tiguan-comfortline-2-0-tdi-150-km-dsg-wyprzedaz-rocznika-w-aso-ID6Bya9l.html#e3a67ddec1,Tiguan
799,120 600,Volkswagen T-Roc,R-Line 1.5 TSI 150 KM - Wyprzedaż Rocznika w ASO,5 km,Volkswagen,"Szczecińska 36/38 - 91-222 Łódź, Bałuty (Polska)",1 500 cm3,2018,https://www.otomoto.pl/oferta/volkswagen-t-roc-r-line-1-5-tsi-150-km-wyprzedaz-rocznika-w-aso-ID6ByLaI.html#e3a67ddec1,T-Roc
668,9 500,Volkswagen Polo IV,,247 000 km,Volkswagen,"Lublin, Lubelskie",1 896 cm3,2005,https://www.otomoto.pl/oferta/volkswagen-polo-ID6BqJ7y.html#e3a67ddec1,Polo
799,57 700,Volkswagen Polo VI,Comfortline 1.0 TSI 95 KM - Wyprzedaż Rocznika w ASO,5 km,Volkswagen,"Szczecińska 36/38 - 91-222 Łódź, Bałuty (Polska)",1 000 cm3,2018,https://www.otomoto.pl/oferta/volkswagen-polo-comfortline-1-0-tsi-95-km-wyprzedaz-rocznika-w-aso-ID6Bpt0v.html#e3a67ddec1,Polo
796,60 900,Audi A6 C7,10.2016 TDI BOSE Alcantara BiXenon S Tronic Navi Salon PL 1 wł.,50 000 km,Audi,"Harcerska 64 - 43-100 Tychy, Śląskie (Polska)",2 000 cm3,2016,https://www.otomoto.pl/oferta/audi-a6-10-2016-tdi-bose-alcantara-bixenon-s-tronic-navi-salon-pl-1-wl-ID6BzSaf.html#e3a67ddec1,A6
796,61 900,Audi Q5 8R,11.2015 Salon Polska Quattro BiXenon Ver. Havana Serwis ASO Navi,25 000 km,Audi,"Harcerska 64 - 43-100 Tychy, Śląskie (Polska)",2 000 cm3,2015,https://www.otomoto.pl/oferta/audi-q5-11-2015-salon-polska-quattro-bixenon-ver-havana-serwis-aso-navi-ID6BzBkL.html#e3a67ddec1,Q5
799,64 690,Volkswagen Golf VII,CITY 1.0 TSI 85 KM LED - OD RĘKI - Wyprzedaż Rocznika w ASO,5 km,Volkswagen,"Szczecińska 36/38 - 91-222 Łódź, Bałuty (Polska)",1 000 cm3,2018,https://www.otomoto.pl/oferta/volkswagen-golf-city-1-0-tsi-85-km-led-od-reki-wyprzedaz-rocznika-w-aso-ID6BqQg1.html#e3a67ddec1,Golf
733,28 900,Audi A6 C6,Czarna Podsufitka Rolety Pakiet S Line,290 000 km,Audi,"Brodnica, brodnicki, Kujawsko-pomorskie",3 000 cm3,2008,https://www.otomoto.pl/oferta/audi-a6-czarna-podsufitka-rolety-pakiet-s-line-ID6BuSip.html#e3a67ddec1,A6
222,181 500,Volvo XC 40,T5 AWD First Edition SalonPL Bezwypadkowy FV23%,15 000 km,Volvo,"Woronicza 19 - 02-625 Warszawa, Mokotów (Polska)",1 969 cm3,2018,https://www.otomoto.pl/oferta/volvo-xc-40-t5-awd-first-edition-salonpl-bezwypadkowy-fv23-ID6B7stL.html#9516438a8d,XC 40
692,22 999,Mercedes-Benz Klasa E W211,"Avangarde, xenon, navi, SUPER STAN, GWARANCJA",244 000 km,Mercedes-Benz,"Leszno - 64-100 Leszno, Wielkopolskie (Polska)",2 987 cm3,2005,https://www.otomoto.pl/oferta/mercedes-benz-klasa-e-avangarde-xenon-navi-super-stan-gwarancja-ID6Bz0Wr.html#9516438a8d,Klasa E
799,162 500,Volkswagen Amarok,3.0 V6 TDI 224KM 4MOTION Highline z rurami Wyprzedaż Rocznika w ASO,10 km,Volkswagen,"Ul. Radzymińska 78 - 03-752 Warszawa, Praga-Północ (Polska)",2 967 cm3,2018,https://www.otomoto.pl/oferta/volkswagen-amarok-3-0-v6-tdi-224km-4motion-highline-z-rurami-wyprzedaz-rocznika-w-aso-ID6A9OqJ.html#9516438a8d,Amarok
799,177 100,Volkswagen California,T6 Beach - 2.0 TDI 150KM DSG 3000mm 7-osobowy Polski Dealer!,10 km,Volkswagen,"Ul. Radzymińska 78 - 03-752 Warszawa, Praga-Północ (Polska)",1 968 cm3,2018,https://www.otomoto.pl/oferta/volkswagen-california-t6-beach-2-0-tdi-150km-dsg-3000mm-7-osobowy-polski-dealer-ID6zJDfS.html#9516438a8d,California
730,39 900,BMW X3 E83,2010r 2.0d Mpakiet 160tys.km Full Opcja Salon Polska,168 800 km,BMW,"Mielec, mielecki, Podkarpackie",1 998 cm3,2010,https://www.otomoto.pl/oferta/bmw-x3-2010r-2-0d-mpakiet-160tys-km-full-opcja-salon-polska-ID6BzCyx.html#9516438a8d,X3
661,41 900,Toyota Auris II,II Touring Sports D 4D 2.0 Dieles 124 KM Premium Kamera Navi serwis,190 000 km,Toyota,"58-210 Łagiewniki ul. Mickiewicza 13 - 58-210 Łagiewniki, dzierżoniowski, Dolnośląskie (Polska)",1 998 cm3,2014,https://www.otomoto.pl/oferta/toyota-auris-ii-touring-sports-d-4d-2-0-dieles-124-km-premium-kamera-navi-serwis-ID6ByGvL.html#9516438a8d,Auris
501,51 900,Peugeot 5008 I,2.0HDI 96tys. Xenon Ledy Skora Panorama Navi Kamera cofania Pdc ARKOS,96 509 km,Peugeot,"Malborska 58 - 82-300 Elbląg, Warmińsko-mazurskie (Polska)",2 000 cm3,2015,https://www.otomoto.pl/oferta/peugeot-5008-2-0hdi-96tys-xenon-ledy-skora-panorama-navi-kamera-cofania-pdc-arkos-ID6BzsWi.html#9516438a8d,5008
785,59 000,Ford Kuga II,Titanium!!! Bardzo Bogata Wersja!!! Okazja!!! 180HP,43 200 km,Ford,"Psary Kolonia 63 - 29-145 Secemin, włoszczowski, Świętokrzyskie (Polska)",1 500 cm3,2017,https://www.otomoto.pl/oferta/ford-kuga-titanium-bardzo-bogata-wersja-okazja-180hp-ID6AnvA5.html#9516438a8d,Kuga
608,25 500,Ford Mondeo Mk4,2009r 1.6 benz 120tys.km Salon Polska 1 wlasc,121 500 km,Ford,"Mielec, mielecki, Podkarpackie",1 600 cm3,2009,https://www.otomoto.pl/oferta/ford-mondeo-2009r-1-6-benz-120tys-km-salon-polska-1-wlasc-ID6Bu5Il.html#9516438a8d,Mondeo
607,129 900,Audi Q3,Audi Q3 Sport 1.4 TFSI 150 KM 6 biegów WYRZEDAŻ ROCZNIKA W ASO,1 km,Audi,"Lubowidzka 42 - 80-174 Gdańsk, Pomorskie (Polska)",1 400 cm3,2018,https://www.otomoto.pl/oferta/audi-q3-audi-q3-sport-1-4-tfsi-150-km-6-biegow-wyrzedaz-rocznika-w-aso-ID6BuaNP.html#9516438a8d,Q3
785,49 900,Volkswagen CC,Jedyna taka wersja!!! 2.0 benzyna 210HP Zapraszam !!! OKAZJA !!,155 000 km,Volkswagen,"Psary Kolonia 63 - 29-145 Secemin, włoszczowski, Świętokrzyskie (Polska)",2 000 cm3,2013,https://www.otomoto.pl/oferta/volkswagen-cc-jedyna-taka-wersja-2-0-benzyna-210hp-zapraszam-okazja-ID6Bvkz7.html#9516438a8d,CC
783,136 960,Ford S-Max I,"Titanium, Automat, Diesel 180 kM",12 000 km,Ford,"AL. ARMII KRAJOWEJ 50 - 35-307 Rzeszów, Podkarpackie (Polska)",1 997 cm3,2017,https://www.otomoto.pl/oferta/ford-s-max-titanium-automat-diesel-180-km-ID6zWE59.html#9516438a8d,S-Max
508,17 500,Audi A4 B6,1.8T 163KM *BiXenon*Parktronic*4 x El.Szyby*Kompletny Serwis*,196 754 km,Audi,"Oleśnica woj.Dolnośląskie - 56-400 Oleśnica, oleśnicki, Dolnośląskie (Polska)",1 800 cm3,2004,https://www.otomoto.pl/oferta/audi-a4-1-8t-163km-bixenonparktronic4-x-el-szybykompletny-serwis-ID6Bws87.html#9516438a8d,A4
604,79 900,Volkswagen Passat B8,"Comfortline DSG, Salon Polska, nawigacja, LED",93 600 km,Volkswagen,"ul.Wiatraczna 5 - 61-242 Poznań, Wielkopolskie (Polska)",1 968 cm3,2015,https://www.otomoto.pl/oferta/volkswagen-passat-comfortline-dsg-salon-polska-nawigacja-led-ID6BzsXo.html#9516438a8d,Passat
799,131 874,Audi Q3,WYPRZEDAŻ rocznika  w ASO * Led * metalik * elektr klapa * sport,1 km,Audi,"Łużycka 3A - 81-537 Gdynia, Redłowo (Polska)",1 400 cm3,2018,https://www.otomoto.pl/oferta/audi-q3-wyprzedaz-rocznika-w-aso-led-metalik-elektr-klapa-sport-ID6Bu6Xw.html#9516438a8d,Q3
793,114 900,Mazda CX-3,2.0 150 KM 4X4 6MT wersja SkyPassion,4 km,Mazda,"Trasa Północna 12B - 65-119 Zielona Góra, Lubuskie (Polska)",1 998 cm3,2018,https://www.otomoto.pl/oferta/mazda-cx-3-2-0-150-km-4x4-6mt-wersja-skypassion-ID6BsgNp.html#9516438a8d,CX-3
799,131 874,Audi Q3,WYPRZEDAŻ rocznika w ASO * Led * metalik * elektr klapa * sport,1 km,Audi,"Łużycka 3A - 81-537 Gdynia, Redłowo (Polska)",1 400 cm3,2018,https://www.otomoto.pl/oferta/audi-q3-wyprzedaz-rocznika-w-aso-led-metalik-elektr-klapa-sport-ID6Bu6Xr.html#9516438a8d,Q3
886,21 900,Hyundai Tucson I,Piękna 2.0 Benzyna 150km Klimatronik Skóry Serwis z De,168 000 km,Hyundai,"Ostrów Mazowiecka, ostrowski, Mazowieckie",2 000 cm3,2008,https://www.otomoto.pl/oferta/hyundai-tucson-piekna-2-0-benzyna-150km-klimatronik-skory-serwis-z-de-ID6BA2rt.html#2e9a43be3a,Tucson
793,84 900,BMW Seria 5 F10,"BMW 528i bezpośrednio od właściciela, zimówki, xDrive,",108 000 km,BMW,"Częstochowa, Śląskie, Lisiniec",2 000 cm3,2015,https://www.otomoto.pl/oferta/bmw-seria-5-bmw-528i-bezposrednio-od-wlasciciela-zimowki-xdrive-ID6AHLKa.html#2e9a43be3a,Seria 5
502,12 900,Seat Altea,"1,9 tdi 105PS Klimatronik Nowe opony",241 500 km,Seat,"Skarszewy, starogardzki, Pomorskie",1 896 cm3,2006,https://www.otomoto.pl/oferta/seat-altea-1-9-tdi-105ps-klimatronik-nowe-opony-ID6BuVTc.html#2e9a43be3a,Altea
604,115 000,Audi Q5 8R,"4x4,Mały przebieg,Polski salon,Faktura,Pierwszy właściciel,Gwarancja",82 863 km,Audi,"Biała, kłobucki, Śląskie",2 000 cm3,2014,https://www.otomoto.pl/oferta/audi-q5-4x4-maly-przebieg-polski-salon-faktura-pierwszy-wlasciciel-gwarancja-ID6By23Y.html#2e9a43be3a,Q5
606,48 900,Toyota ProAce,2.0 130km Długa 6 Osób Klima Gwarancja Idealna,122 000 km,Toyota,"ul. Kochanowskiego 6 - 48 370 Paczków, nyski, Opolskie (Polska)",2 000 cm3,2017,https://www.otomoto.pl/oferta/toyota-proace-2-0-130km-dluga-6-osob-klima-gwarancja-idealna-ID6Bz0Uq.html#2e9a43be3a,ProAce
501,251 506,BMW X3 G01,xDrive 20d xLine 190 KM Wyprzedaż rocznika w ASO,5 km,BMW,"Rokicińska 190 - 92-412 Łódź, Widzew (Polska)",2 000 cm3,2018,https://www.otomoto.pl/oferta/bmw-x3-xdrive-20d-xline-190-km-wyprzedaz-rocznika-w-aso-ID6BmE9t.html#2e9a43be3a,X3
662,13 900,Opel Meriva I,1.3 cdti klima zadbany face lifting,226 000 km,Opel,"Warszawa, Mazowieckie, Żoliborz",1 300 cm3,2009,https://www.otomoto.pl/oferta/opel-meriva-1-3-cdti-klima-zadbany-face-lifting-ID6BzsAQ.html#2e9a43be3a,Meriva
604,46 700,Toyota Avensis III,"Prestige, webasto, biksenony, salon Polska, ASO",105 000 km,Toyota,"ul.Wiatraczna 5 - 61-242 Poznań, Wielkopolskie (Polska)",1 987 cm3,2009,https://www.otomoto.pl/oferta/toyota-avensis-prestige-webasto-biksenony-salon-polska-aso-ID6By56e.html#2e9a43be3a,Avensis
799,112 900,Mini Countryman,Countryman bez wpłaty/48m c/1080 netto,5 km,Mini,"Ostrobramska 73 - 04-175 Warszawa, Mazowieckie (Polska)",1 499 cm3,2018,https://www.otomoto.pl/oferta/mini-countryman-countryman-bez-wplaty-48m-c-1080-netto-ID6ByFTf.html#2e9a43be3a,Countryman
799,72 500,Seat Leon III,5D STYLE 1.5 TSI 130 KM Promo pakiet Super cena Wyprzedaż rocznika,5 km,Seat,"Elewatorska 39 - 15-620 Białystok, Podlaskie (Polska)",1 498 cm3,2018,https://www.otomoto.pl/oferta/seat-leon-5d-style-1-5-tsi-130-km-promo-pakiet-super-cena-wyprzedaz-rocznika-ID6z1k5n.html#2e9a43be3a,Leon
793,30 000,Audi A4 B7,2.0 Tfsi 200 PS Xenon Klima Podgrzewane fotele Serwis do końca,114 000 km,Audi,"Ostrów Mazowiecka, ostrowski, Mazowieckie",3 000 cm3,2007,https://www.otomoto.pl/oferta/audi-a4-2-0-tfsi-200-ps-xenon-klima-podgrzewane-fotele-serwis-do-konca-ID6BA2qQ.html#2e9a43be3a,A4
601,39 000,Mercedes-Benz Klasa C W204,Mercedes Benz Klasa C W204,170 879 km,Mercedes-Benz,"Stargard Szczeciński, stargardzki, Zachodniopomorskie",2 143 cm3,2009,https://www.otomoto.pl/oferta/mercedes-benz-klasa-c-mercedes-benz-klasa-c-w204-ID6ByFSr.html#2e9a43be3a,Klasa C
501,41 900,Volvo XC 60 I,D5 205KM AWD Warszawa Pierwszy właściciel Salon Polska VAT23%,205 750 km,Volvo,"Warszawa, Mazowieckie, Praga-Północ",2 400 cm3,2010,https://www.otomoto.pl/oferta/volvo-xc-60-d5-205km-awd-warszawa-pierwszy-wlasciciel-salon-polska-vat23-ID6By6XR.html#2e9a43be3a,XC 60
323,487 999,Mercedes-Benz Klasa S W222,d 3.0 340KM 4Matic Long Lift Pakiet AMG/Exclusive,42 500 km,Mercedes-Benz,"ul. Daimlera 1 - 41-209 Sosnowiec, Śląskie (Polska)",2 925 cm3,2017,https://www.otomoto.pl/oferta/mercedes-benz-klasa-s-d-3-0-340km-4matic-long-lift-pakiet-amg-exclusive-ID6znOqQ.html#2e9a43be3a,Klasa S
606,48 500,Peugeot Expert,2.0 130 Km L2 Długi 6 Osób Klima Gwarancja Idealny,122 000 km,Peugeot,"ul. Kochanowskiego 6 - 48 370 Paczków, nyski, Opolskie (Polska)",2 000 cm3,2017,https://www.otomoto.pl/oferta/peugeot-expert-2-0-130-km-l2-dlugi-6-osob-klima-gwarancja-idealny-ID6Bz0UW.html#2e9a43be3a,Expert
323,43 500,Smart Forfour II,0.9 90KM Passion (aut.),20 500 km,Smart,"ul. Daimlera 1 - 41-209 Sosnowiec, Śląskie (Polska)",898 cm3,2017,https://www.otomoto.pl/oferta/smart-forfour-0-9-90km-passion-aut-ID6A6pg4.html#2e9a43be3a,Forfour
502,57 900,Audi A3 8V,Piękna Sztuka__ Bixenon__Ledy__Brązowe Skóry* Wersja Jakich Mało !!,179 000 km,Audi,"SZLACHECKA 38 - 09-410 Płock, Mazowieckie (Polska)",1 600 cm3,2014,https://www.otomoto.pl/oferta/audi-a3-piekna-sztuka-bixenon-ledy-brazowe-skory-wersja-jakich-malo-ID6BzsGd.html#2e9a43be3a,A3
786,14 500,Suzuki Liana,"1.6 benzyna, jak nowa 48 tys km, , salon pl. bezwypadkowa",47 800 km,Suzuki,"Marki, wołomiński, Mazowieckie",1 600 cm3,2004,https://www.otomoto.pl/oferta/suzuki-liana-1-6-benzyna-jak-nowa-48-tys-km-salon-pl-bezwypadkowa-ID6BzsD2.html#2e9a43be3a,Liana
799,10 900,Suzuki Jimny,1.3 Benzyna 80KM Mały Przebieg SUPER STAN IDEAŁ BEZ RDZY !!,165 000 km,Suzuki,"Raków - 26-035 Raków, kielecki, Świętokrzyskie (Polska)",1 300 cm3,1998,https://www.otomoto.pl/oferta/suzuki-jimny-1-3-benzyna-80km-maly-przebieg-super-stan-ideal-bez-rdzy-ID6BA30n.html#2e9a43be3a,Jimny
575,87 900,BMW X3 F25,20i xDrive M Pakiet Salon PL Serwisowany,57 838 km,BMW,"Jagiellońska 84 - 03-303 Warszawa, Targówek (Polska)",1 997 cm3,2012,https://www.otomoto.pl/oferta/bmw-x3-20i-xdrive-m-pakiet-salon-pl-serwisowany-ID6BsvQ0.html#1e86359fc2,X3
126,69 850,Toyota Avensis III,"Premium , Vat 23% ,50.000 km VVTi",50 000 km,Toyota,"wielicka 119 - 30-552 Kraków, Małopolskie (Polska)",1 798 cm3,2015,https://www.otomoto.pl/oferta/toyota-avensis-premium-vat-23-50-000-km-vvti-ID6ByFUc.html#2e9a43be3a,Avensis
605,53 900,Nissan Micra K14,"Nissan Micra 0,9 90KM Visia Plus",1 km,Nissan,"ul. Łódzka 40 - 95-030 Rzgów, łódzki wschodni, Łódzkie (Polska)",900 cm3,2018,https://www.otomoto.pl/oferta/nissan-micra-nissan-micra-0-9-90km-visia-plus-ID6BuML9.html#1e86359fc2,Micra
004,45 000,Mini Countryman,,113 000 km,Mini,"Wrocław, Dolnośląskie, Krzyki",1 600 cm3,2010,https://www.otomoto.pl/oferta/mini-countryman-ID6BuIdP.html#1e86359fc2,Countryman
575,129 900,BMW Seria 5 F10,30d xDrive Modern Line Salon PL Serwisowany Bezwyp VAT-Marża,87 838 km,BMW,"Jagiellońska 84 - 03-303 Warszawa, Targówek (Polska)",2 993 cm3,2014,https://www.otomoto.pl/oferta/bmw-seria-5-30d-xdrive-modern-line-salon-pl-serwisowany-bezwyp-vat-marza-ID6BsoAy.html#1e86359fc2,Seria 5
575,144 900,Lexus NX,200t Comfort AWD Salon PL Gwarancja Serwis ASO F VAT23%,53 240 km,Lexus,"Jagiellońska 84 - 03-303 Warszawa, Targówek (Polska)",1 998 cm3,2016,https://www.otomoto.pl/oferta/lexus-nx-200t-comfort-awd-salon-pl-gwarancja-serwis-aso-f-vat23-ID6BwER0.html#1e86359fc2,NX
575,139 900,Lexus NX,200t Comfort AWD Salon PL Serwis ASO F VAT23%,29 350 km,Lexus,"Jagiellońska 84 - 03-303 Warszawa, Targówek (Polska)",1 998 cm3,2015,https://www.otomoto.pl/oferta/lexus-nx-200t-comfort-awd-salon-pl-serwis-aso-f-vat23-ID6ByVi1.html#1e86359fc2,NX
575,145 900,Lexus NX,200t Comfort AWD Salon PL Gwarancja Serwis ASO F VAT23%,65 369 km,Lexus,"Jagiellońska 84 - 03-303 Warszawa, Targówek (Polska)",1 998 cm3,2016,https://www.otomoto.pl/oferta/lexus-nx-200t-comfort-awd-salon-pl-gwarancja-serwis-aso-f-vat23-ID6BwER6.html#1e86359fc2,NX
575,104 900,BMW X5 E70,3.0d xDrive Salon Polska Serwisowany F-VAT23% Gwarancja,91 211 km,BMW,"Jagiellońska 84 - 03-303 Warszawa, Targówek (Polska)",2 993 cm3,2011,https://www.otomoto.pl/oferta/bmw-x5-3-0d-xdrive-salon-polska-serwisowany-f-vat23-gwarancja-ID6BrJHe.html#1e86359fc2,X5
717,209 000,BMW M2,"BMW M2 Coupe Stan idealny, Akrapovic, Ceramika CENA do końca grudnia",4 500 km,BMW,"ul. Wrocławska 56 - 55-095 Długołęka, wrocławski, Dolnośląskie (Polska)",2 993 cm3,2016,https://www.otomoto.pl/oferta/bmw-m2-bmw-m2-coupe-stan-idealny-akrapovic-ceramika-cena-do-konca-grudnia-ID6BzsiU.html#1e86359fc2,M2
575,144 900,Lexus NX,200t Comfort AWD Salon PL Gwarancja Serwis ASO F VAT23%,51 994 km,Lexus,"Jagiellońska 84 - 03-303 Warszawa, Targówek (Polska)",1 998 cm3,2016,https://www.otomoto.pl/oferta/lexus-nx-200t-comfort-awd-salon-pl-gwarancja-serwis-aso-f-vat23-ID6ASrfI.html#1e86359fc2,NX
668,146 900,Lexus GS IV,350 AWD F Sport 1wł Bezwypadkowy Serwis ASO Salon Polska VAT23%,153 420 km,Lexus,"Al. Roździeńskiego 208A - 40-315 Katowice, Śląskie (Polska)",3 456 cm3,2013,https://www.otomoto.pl/oferta/lexus-gs-350-awd-f-sport-1wl-bezwypadkowy-serwis-aso-salon-polska-vat23-ID6BvQTd.html#1e86359fc2,GS
502,129 000,Land Rover Discovery Sport,"180KM, 3 Letni, Bezwypadkowy, Automat, Dach Panoroma, Gwarancja 2020r!",95 754 km,Land Rover,"Poznań, Wielkopolskie, Jeżyce",1 999 cm3,2015,https://www.otomoto.pl/oferta/land-rover-discovery-sport-180km-3-letni-bezwypadkowy-automat-dach-panoroma-gwarancja-2020r-ID6BwmpU.html#1e86359fc2,Discovery Sport
575,104 900,Lexus IS III,300h Elegance Salon PL Serwisowany w ASO F VAT23%,81 924 km,Lexus,"Jagiellońska 84 - 03-303 Warszawa, Targówek (Polska)",2 494 cm3,2015,https://www.otomoto.pl/oferta/lexus-is-300h-elegance-salon-pl-serwisowany-w-aso-f-vat23-ID6Ba6qr.html#1e86359fc2,IS
224,68 900,Mitsubishi Outlander III,2.0 Benzyna ! 4x4 ! AUTOMAT ! Z polskiego salonu ! Faktura VAT !,99 000 km,Mitsubishi,"Prymasa Tysiąclecia 103 - 01-424 Warszawa, Mazowieckie (Polska)",1 998 cm3,2014,https://www.otomoto.pl/oferta/mitsubishi-outlander-2-0-benzyna-4x4-automat-z-polskiego-salonu-faktura-vat-ID6Bmqyz.html#1e86359fc2,Outlander
512,99 700,Škoda Octavia III,Full led/xenon dsg tdi 150km model 2019 raty bez BIK i zaświadczeń!,10 km,Škoda,"Jelenia Góra, Dolnośląskie, Centrum",1 960 cm3,2018,https://www.otomoto.pl/oferta/skoda-octavia-full-led-xenon-dsg-tdi-150km-model-2019-raty-bez-bik-i-zaswiadczen-ID6BqUW8.html#1e86359fc2,Octavia
604,13 000,Mini Cooper,Super Okazja,157 000 km,Mini,"Mory, warszawski zachodni, Mazowieckie",1 600 cm3,2002,https://www.otomoto.pl/oferta/mini-cooper-super-okazja-ID6BA2Uq.html#444c3da4af,Cooper
426,85 900,Volkswagen Golf VII,"Var. Comf. 1.6TDI 115KM, Climatronic, Led, Wyprzedaż Rocznika w ASO",1 km,Volkswagen,"Niciarniana 51/53 - 92-320 Łódź, Łódzkie (Polska)",1 598 cm3,2018,https://www.otomoto.pl/oferta/volkswagen-golf-var-comf-1-6tdi-115km-climatronic-led-wyprzedaz-rocznika-w-aso-ID6A4T0m.html#444c3da4af,Golf
663,20 999,Hyundai Tucson I,Perfekcyjny Jak NOwy Executive Raty bez Bik i Krd,198 251 km,Hyundai,"Sąsiedzka - 62-800 Kalisz, Wielkopolskie (Polska)",1 998 cm3,2008,https://www.otomoto.pl/oferta/hyundai-tucson-perfekcyjny-jak-nowy-executive-raty-bez-bik-i-krd-ID6BA2Tu.html#444c3da4af,Tucson
506,24 500,Volkswagen Touareg I,,232 500 km,Volkswagen,"Czechowice-Dziedzice, bielski, Śląskie",3 200 cm3,2004,https://www.otomoto.pl/oferta/volkswagen-touareg-ID6Bz0S2.html#444c3da4af,Touareg
669,23 900,Škoda Octavia II,Jak Nowa Octavia RS 170KM Alufelgi 18 Bezwypadkowa Aso 08r Idealna,212 000 km,Škoda,"Górnicza 1a - 99-100 Łęczyca, łęczycki, Łódzkie (Polska)",2 000 cm3,2008,https://www.otomoto.pl/oferta/skoda-octavia-jak-nowa-octavia-rs-170km-alufelgi-18-bezwypadkowa-aso-08r-idealna-ID6Bv9Tk.html#444c3da4af,Octavia
799,119 000,Audi A6 C7,"3,0 TDI Quattro , Automat, Dealer Audi ,FV 23%,Quattro, Okazja!!!",124 000 km,Audi,"NOWOTORUŃSKA 15 - 85-854 Bydgoszcz, Kujawsko-pomorskie (Polska)",2 967 cm3,2014,https://www.otomoto.pl/oferta/audi-a6-3-0-tdi-quattro-automat-dealer-audi-fv-23-quattro-okazja-ID6zzNkv.html#444c3da4af,A6
799,73 900,Volkswagen Tiguan I,"2,0 TDi , Dealer , FV 23% , Serwisowany , Salon Polska",43 000 km,Volkswagen,"NOWOTORUŃSKA 15 - 85-854 Bydgoszcz, Kujawsko-pomorskie (Polska)",1 968 cm3,2014,https://www.otomoto.pl/oferta/volkswagen-tiguan-2-0-tdi-dealer-fv-23-serwisowany-salon-polska-ID6zH6pW.html#444c3da4af,Tiguan
767,49 400,Toyota Corolla Seria,1.4 D-4D Active,92 000 km,Toyota,"Przemysłowa 1e - 59-300 Lubin, lubiński, Dolnośląskie (Polska)",1 364 cm3,2016,https://www.otomoto.pl/oferta/toyota-corolla-1-4-d-4d-active-ID6Btrby.html#444c3da4af,Corolla
515,132 000,Land Rover Range Rover Evoque,"Evoque 2.0 240KM, Dynamiq Full",24 000 km,Land Rover,"Tarnobrzeg, Podkarpackie",2 000 cm3,2016,https://www.otomoto.pl/oferta/land-rover-range-rover-evoque-evoque-2-0-240km-dynamiq-full-ID6BA2Ts.html#444c3da4af,Range Rover Evoque
502,3 999,Opel Tigra II,"Opel Tigra Twin Top,",132 552 km,Opel,"Kielce, Świętokrzyskie",Benzyna,2005,https://www.otomoto.pl/oferta/opel-tigra-opel-tigra-twin-top-ID6Bw9vB.html#444c3da4af,Tigra
799,71 800,Volkswagen Golf Sportsvan,"1,6 Tdi Dealer Vw",30 000 km,Volkswagen,"NOWOTORUŃSKA 15 - 85-854 Bydgoszcz, Kujawsko-pomorskie (Polska)",1 598 cm3,2015,https://www.otomoto.pl/oferta/volkswagen-golf-sportsvan-1-6-tdi-dealer-vw-ID6yYWtN.html#444c3da4af,Golf Sportsvan
542,82 900,Volkswagen T-Roc,T Roc Climatic NIebieski Ravena ParkPilot,1 km,Volkswagen,"TORUŃSKA 169 - 87-800 Włocławek, Kujawsko-pomorskie (Polska)",998 cm3,2018,https://www.otomoto.pl/oferta/volkswagen-t-roc-t-roc-climatic-niebieski-ravena-parkpilot-ID6Bs9pS.html#444c3da4af,T-Roc
609,36 900,BMW Seria 5 E60,BMW E61 525I Bogate wyposażenie,254 000 km,BMW,"Częstochowa, Śląskie, Stare Miasto",2 500 cm3,2006,https://www.otomoto.pl/oferta/bmw-seria-5-bmw-e61-525i-bogate-wyposazenie-ID6BlkbM.html#444c3da4af,Seria 5
506,77 900,Porsche Cayenne I,"GTS Pierwszy Właściciel, Oryginalny Przebieg, Nowy Rozrząd",152 560 km,Porsche,"Wisła, cieszyński, Śląskie",4 800 cm3,2008,https://www.otomoto.pl/oferta/porsche-cayenne-gts-pierwszy-wlasciciel-oryginalny-przebieg-nowy-rozrzad-ID6AN3xI.html#444c3da4af,Cayenne
225,339 900,BMW Seria 6 G32,BMW 630d xDrive GT| B&W Diamond Surround| Monitory LCD|First class|,12 000 km,BMW,"al.Prymasa Tysiąclecia 64 - 01-424 Warszawa, Wola (Polska)",3 000 cm3,2017,https://www.otomoto.pl/oferta/bmw-seria-6-bmw-630d-xdrive-gt-b-w-diamond-surround-monitory-lcd-first-class-ID6ADf8l.html#444c3da4af,Seria 6
605,16 900,Peugeot 308 T7,Sprowadzony z niemiec solar dach klimatronik sw 7 miejsc,139 000 km,Peugeot,"WITASZYCZKI 26 - 63-200 Jarocin, jarociński, Wielkopolskie (Polska)",1 600 cm3,2008,https://www.otomoto.pl/oferta/peugeot-308-sprowadzony-z-niemiec-solar-dach-klimatronik-sw-7-miejsc-ID6AyOCF.html#444c3da4af,308
799,145 000,Porsche Cayenne II,Porsche Cayenne Turbo 2010 Fvat23 Porsche Centrum Warszawa,138 778 km,Porsche,"Połczyńska 107 - 01-303 Warszawa, Bemowo (Polska)",4 806 cm3,2010,https://www.otomoto.pl/oferta/porsche-cayenne-porsche-cayenne-turbo-2010-fvat23-porsche-centrum-warszawa-ID6BuqVp.html#444c3da4af,Cayenne
501,30 900,BMW X3 E83,2.0D 4x4 LIFT Xenon Ledy Navi Skora Pdc Alu 17 ARKOS,189 974 km,BMW,"Malborska 58 - 82-300 Elbląg, Warmińsko-mazurskie (Polska)",2 000 cm3,2008,https://www.otomoto.pl/oferta/bmw-x3-2-0d-4x4-lift-xenon-ledy-navi-skora-pdc-alu-17-arkos-ID6APHIP.html#444c3da4af,X3
601,73 000,Ford S-Max I,"Titanium S 2.2 Tdci 200 KM, Salon Polska, gwarancja do 06/2019",120 000 km,Ford,"Chełstówek, oleśnicki, Dolnośląskie",2 179 cm3,2014,https://www.otomoto.pl/oferta/ford-s-max-titanium-s-2-2-tdci-200-km-salon-polska-gwarancja-do-06-2019-ID6ByeOW.html#444c3da4af,S-Max
575,17 450,Mercedes-Benz Klasa E W211,ŁADNY Mercedes Z Pancernym Silnikiem Rzędowym,370 000 km,Mercedes-Benz,"Wieliczka, wielicki, Małopolskie",3 200 cm3,2004,https://www.otomoto.pl/oferta/mercedes-benz-klasa-e-ladny-mercedes-z-pancernym-silnikiem-rzedowym-ID6BwpMy.html#444c3da4af,Klasa E
696,311 160,Porsche Macan,,10 km,Porsche,"Al. Niepodległości 956 - 81-861 Sopot, Górny Sopot (Polska)",1 984 cm3,2018,https://www.otomoto.pl/oferta/porsche-macan-ID6ACnnL.html#277337e975,Macan
513,26 900,BMW Seria 3 E21,"Sprzedam BMW 315, rok 1983, stan bdb.",90 000 km,BMW,"Fromborska 4 - 82-300 Elbląg, Warmińsko-mazurskie (Polska)",1 500 cm3,1982,https://www.otomoto.pl/oferta/bmw-seria-3-sprzedam-bmw-315-rok-1983-stan-bdb-ID6Bu7Ss.html#277337e975,Seria 3
774,59 900,Škoda Octavia III,"1,4 TSI 150 KM Active Lellek Używane Opole",41 847 km,Škoda,"ul.Opolska 2C - 45-960 Opole, Opolskie (Polska)",1 400 cm3,2016,https://www.otomoto.pl/oferta/skoda-octavia-1-4-tsi-150-km-active-lellek-uzywane-opole-ID6AuyoJ.html#277337e975,Octavia
799,130 800,Volkswagen Golf VII,FL Variant 2.0 TDI 150KM DSG Highline R-Line Wyprzedaż Rocznika w ASO,10 km,Volkswagen,"ul. Radzymińska 78 - 03-752 Warszawa, Praga-Północ (Polska)",1 968 cm3,2018,https://www.otomoto.pl/oferta/volkswagen-golf-fl-variant-2-0-tdi-150km-dsg-highline-r-line-wyprzedaz-rocznika-w-aso-ID6BgVd2.html#277337e975,Golf
426,353 900,Volkswagen Touareg III,"R Line 3.0 V6 TDI 4MOTION 286KM Tiptronic, Wyprzedaż Rocznika w ASO",1 km,Volkswagen,"Niciarniana 51/53 - 92-320 Łódź, Łódzkie (Polska)",2 967 cm3,2018,https://www.otomoto.pl/oferta/volkswagen-touareg-r-line-3-0-v6-tdi-4motion-286km-tiptronic-wyprzedaz-rocznika-w-aso-ID6BuMBh.html#277337e975,Touareg
+48,16 999,Renault Laguna III,"Śliczne Renault Laguna 1,5 dci, 110km . Perfekcyjny stan Auta",174 060 km,Renault,"Słupsk, Pomorskie",1 500 cm3,2008,https://www.otomoto.pl/oferta/renault-laguna-sliczne-renault-laguna-1-5-dci-110km-perfekcyjny-stan-auta-ID6BpvjW.html#277337e975,Laguna
789,198 900,Volvo V90,D5 AWD Geartronic R-Design 235KM,27 042 km,Volvo,"Wadowicka 1  - Rondo Matecznego - 30-347 Kraków, Podgórze (Polska)",1 969 cm3,2017,https://www.otomoto.pl/oferta/volvo-v90-d5-awd-geartronic-r-design-235km-ID6ByFGW.html#444c3da4af,V90
426,327 900,Volkswagen Touareg III,"3.0 V6 TDI 4MOTION 286KM Tiptronic, Wyprzedaż Rocznika w ASO",1 km,Volkswagen,"Niciarniana 51/53 - 92-320 Łódź, Łódzkie (Polska)",2 967 cm3,2018,https://www.otomoto.pl/oferta/volkswagen-touareg-3-0-v6-tdi-4motion-286km-tiptronic-wyprzedaz-rocznika-w-aso-ID6BuMKP.html#277337e975,Touareg
508,77 900,Kia Sorento III,Webasto GT line went.fot. full opcja Zadbany. Na Gwarancji. Fv23,146 000 km,Kia,"Gołębiewko, gdański, Pomorskie",2 200 cm3,2014,https://www.otomoto.pl/oferta/kia-sorento-webasto-gt-line-went-fot-full-opcja-zadbany-na-gwarancji-fv23-ID6BwHjG.html#277337e975,Sorento
695,59 900,Subaru XV,"4X4, 84tys, ASO, Kamera cofania, biała perła",84 157 km,Subaru,"Rokitnica, gdański, Pomorskie",1 998 cm3,2014,https://www.otomoto.pl/oferta/subaru-xv-4x4-84tys-aso-kamera-cofania-biala-perla-ID6Bz1Ld.html#277337e975,XV
+48,3 700,Peugeot 1007,,155 198 km,Peugeot,"Bąków, cieszyński, Śląskie",1 600 cm3,2005,https://www.otomoto.pl/oferta/peugeot-1007-ID6Bcq2X.html#277337e975,1007
799,69 900,Škoda Octavia III,Ambition 1.4 TSI 150 KM 6 biegów,25 400 km,Škoda,"al. Aleksandra Brucknera 54 - 51-411 Wrocław, Psie Pole (Polska)",1 395 cm3,2017,https://www.otomoto.pl/oferta/skoda-octavia-ambition-1-4-tsi-150-km-6-biegow-ID6Bmams.html#277337e975,Octavia
693,19 900,BMW Seria 3 E90,Xenon/Klimatyzacja/148Tys Km!!!,148 000 km,BMW,"Września, wrzesiński, Wielkopolskie",2 000 cm3,2006,https://www.otomoto.pl/oferta/bmw-seria-3-xenon-klimatyzacja-148tys-km-ID6BsIoh.html#277337e975,Seria 3
+48,12 000,Suzuki SX4 I,4x4 4wd automat,81 000 km,Suzuki,"oś. Biała Wyżna - 33-330 Grybów, nowosądecki, Małopolskie (Polska)",1 586 cm3,2009,https://www.otomoto.pl/oferta/suzuki-sx4-4x4-4wd-automat-ID6BumWx.html#277337e975,SX4
501,285 000,Mercedes-Benz GLE,4MATIC BRABUS 318KM 5LAT GW 9500km SALON PL 1 Właściciel 2017 FV 23%,9 500 km,Mercedes-Benz,"Łódź, Łódzkie, Bałuty",2 987 cm3,2017,https://www.otomoto.pl/oferta/mercedes-benz-gle-4matic-brabus-318km-5lat-gw-9500km-salon-pl-1-wlasciciel-2017-fv-23-ID6BtsGI.html#277337e975,GLE
502,89 900,Mercedes-Benz GLK GLK,"BOGATE WYPOSAŻENIE 220CDI,4Matic,1 Właś,Bezwyp,Sal.PL,Automat,Bixenon",136 300 km,Mercedes-Benz,"Warszawa, Mazowieckie, Żoliborz",2 143 cm3,2013,https://www.otomoto.pl/oferta/mercedes-benz-glk-bogate-wyposazenie-220cdi-4matic-1-wlas-bezwyp-sal-pl-automat-bixenon-ID6BbteP.html#277337e975,GLK
+48,67 000,Volvo V60,Volvo v 60 2016,30 000 km,Volvo,"Tarczyn, piaseczyński, Mazowieckie",2 000 cm3,2016,https://www.otomoto.pl/oferta/volvo-v60-volvo-v-60-2016-ID6Bus3R.html#277337e975,V60
510,4 999,Volkswagen Golf IV,1998 1.4 5 drzwi Klima bezwypadkowy z Niemiec!!,207 000 km,Volkswagen,"Czarnków - 64-700 Czarnków, czarnkowsko-trzcianecki, Wielkopolskie (Polska)",1 390 cm3,1998,https://www.otomoto.pl/oferta/volkswagen-golf-1998-1-4-5-drzwi-klima-bezwypadkowy-z-niemiec-ID6Bv9T8.html#277337e975,Golf
609,19 999,Jeep Grand Cherokee II,"Jeep Grand Cherokee WJ, doposażony, bez wkładu",280 000 km,Jeep,"Łężany, krośnieński, Podkarpackie",4 000 cm3,1999,https://www.otomoto.pl/oferta/jeep-grand-cherokee-jeep-grand-cherokee-wj-doposazony-bez-wkladu-ID6B8MlT.html#277337e975,Grand Cherokee
693,21 900,Opel Zafira B,Bi Xenon/Klimatronik/Cosmo,148 000 km,Opel,"Września, wrzesiński, Wielkopolskie",1 800 cm3,2008,https://www.otomoto.pl/oferta/opel-zafira-bi-xenon-klimatronik-cosmo-ID6BsIfY.html#277337e975,Zafira
607,21 900,BMW Seria 3 E90,Xenon! Szyberdach! Klimatronik! Oryginalny Lakier!,182 000 km,BMW,"Będzin, będziński, Śląskie, Śródmieście",1 995 cm3,2006,https://www.otomoto.pl/oferta/bmw-seria-3-xenon-szyberdach-klimatronik-oryginalny-lakier-ID6BzFuP.html#277337e975,Seria 3
225,329 900,BMW Seria 6 G32,BMW 630d xDrive GT (G32) |Dostęp komf.|Szklany dach| Komf. fotele|20'',4 919 km,BMW,"al.Prymasa Tysiąclecia 64 - 01-424 Warszawa, Wola (Polska)",3 000 cm3,2017,https://www.otomoto.pl/oferta/bmw-seria-6-bmw-630d-xdrive-gt-g32-dostep-komf-szklany-dach-komf-fotele-20-ID6ByFwv.html#277337e975,Seria 6
426,55 500,Volkswagen Polo VI,"Trend. 80KM, Kier. multi, Alarm, Koło zapas, Wyprzedaż Rocznika w ASO",1 km,Volkswagen,"Niciarniana 51/53 - 92-320 Łódź, Łódzkie (Polska)",999 cm3,2018,https://www.otomoto.pl/oferta/volkswagen-polo-trend-80km-kier-multi-alarm-kolo-zapas-wyprzedaz-rocznika-w-aso-ID6A6Hm0.html#277337e975,Polo
512,205 000,Mercedes-Benz GL X166,"450, ZAMIANA, Biturbo, 2015 r. F a VAT 23 %",73 000 km,Mercedes-Benz,"Warszawa, Mazowieckie, Białołęka",3 000 cm3,2015,https://www.otomoto.pl/oferta/mercedes-benz-gl-450-zamiana-biturbo-2015-r-f-a-vat-23-ID6yRH4P.html#21eef86138,GL
510,4 999,Volkswagen Polo IV,Volkswagen Polo okular 1.2 benzyna na łańcuszku 2003 rok długie opłaty,219 000 km,Volkswagen,"Parysów, garwoliński, Mazowieckie",1 200 cm3,2003,https://www.otomoto.pl/oferta/volkswagen-polo-volkswagen-polo-okular-1-2-benzyna-na-lancuszku-2003-rok-dlugie-oplaty-ID6BzrPA.html#21eef86138,Polo
606,21 900,Ford Focus Mk2,"FORD FOCUS, LPG, Klimatyzacja,",146 000 km,Ford,"Będzin, będziński, Śląskie, Łagisza",1 995 cm3,2009,https://www.otomoto.pl/oferta/ford-focus-ford-focus-lpg-klimatyzacja-ID6BqMCt.html#21eef86138,Focus
660,6 300,Citroën C3 I,1.6 HDi 90 KM # Klimatyzacja # Łady Bez Wkładu,189 000 km,Citroën,"Barcice, nowosądecki, Małopolskie",1 600 cm3,2004,https://www.otomoto.pl/oferta/citroen-c3-1-6-hdi-90-km-klimatyzacja-lady-bez-wkladu-ID6BA2sO.html#21eef86138,C3
661,86 000,Volvo XC 60 I,,116 265 km,Volvo,"Konstancin-Jeziorna, piaseczyński, Mazowieckie",2 400 cm3,2014,https://www.otomoto.pl/oferta/volvo-xc-60-ID6BwIki.html#21eef86138,XC 60
570,36 000,Subaru OUTBACK IV,,117 600 km,Subaru,"Wierzbice, wrocławski, Dolnośląskie",1 996 cm3,2010,https://www.otomoto.pl/oferta/subaru-outback-ID6Bq5er.html#21eef86138,OUTBACK
519,9 500,Volkswagen Polo IV,"1.4 Goal Lift , klimatronik , Navi , PDC",198 000 km,Volkswagen,"Sosnowiec, Śląskie",1 390 cm3,2006,https://www.otomoto.pl/oferta/volkswagen-polo-1-4-goal-lift-klimatronik-navi-pdc-ID6BzRIc.html#21eef86138,Polo
606,13 900,Mazda 6 I,1.8 benzyna 120KM z Niemiec LIFT Oryginał!!!,176 000 km,Mazda,"Ostrów Mazowiecka, ostrowski, Mazowieckie",1 800 cm3,2006,https://www.otomoto.pl/oferta/mazda-6-1-8-benzyna-120km-z-niemiec-lift-oryginal-ID6Arnjn.html#21eef86138,6
660,25 900,Peugeot 3008 I,1.6 HDI 110 KM # Automat # Super Stan # Serwis Do Konca,221 000 km,Peugeot,"Nowy Sącz, Małopolskie",1 600 cm3,2010,https://www.otomoto.pl/oferta/peugeot-3008-1-6-hdi-110-km-automat-super-stan-serwis-do-konca-ID6Bw53W.html#21eef86138,3008
605,15 500,Mercedes-Benz Klasa C W203,"C 200 Kompressor 1.8 120 kW garażowany, prywatny właściciel!",153 500 km,Mercedes-Benz,"Lublin, Lubelskie",1 796 cm3,2002,https://www.otomoto.pl/oferta/mercedes-benz-klasa-c-c-200-kompressor-1-8-120-kw-garazowany-prywatny-wlasciciel-ID6BswBu.html#21eef86138,Klasa C
501,369 200,BMW X6 F16,xDrive 30d Pakiet M 258 KM Wyprzedaż rocznika w ASO,5 km,BMW,"Rokicińska 190 - 92-412 Łódź, Widzew (Polska)",3 000 cm3,2018,https://www.otomoto.pl/oferta/bmw-x6-xdrive-30d-pakiet-m-258-km-wyprzedaz-rocznika-w-aso-ID6AcV6e.html#21eef86138,X6
660,20 000,Honda Accord VII,"Honda Accord VII 2.4 Benzyna + Gaz , długie opłaty, doinwestowana !",236 000 km,Honda,"Ząbki, wołomiński, Mazowieckie",2 354 cm3,2003,https://www.otomoto.pl/oferta/honda-accord-honda-accord-vii-2-4-benzyna-gaz-dlugie-oplaty-doinwestowana-ID6AP8X1.html#21eef86138,Accord
660,139 990,Audi A7 C7,"2.0 TFSI Perfekcyjny, 2 x S Line, LED Matrix, GW. do 2020, FV 23%",59 900 km,Audi,"Szczecin, Zachodniopomorskie, Śródmieście",1 984 cm3,2015,https://www.otomoto.pl/oferta/audi-a7-2-0-tfsi-perfekcyjny-2-x-s-line-led-matrix-gw-do-2020-fv-23-ID6BA2yw.html#21eef86138,A7
736,19 900,Audi A4 B7,"Bardzo ładne Audi a4 1.9 TDI , 2xKlimatronic , Piękna !!!",249 000 km,Audi,"Ostrów Mazowiecka, ostrowski, Mazowieckie",1 900 cm3,2006,https://www.otomoto.pl/oferta/audi-a4-bardzo-ladne-audi-a4-1-9-tdi-2xklimatronic-piekna-ID6BA2HB.html#21eef86138,A4
570,21 000,Suzuki SX4 I,,183 000 km,Suzuki,"Wierzbice, wrocławski, Dolnośląskie",1 586 cm3,2007,https://www.otomoto.pl/oferta/suzuki-sx4-ID6Bvar4.html#21eef86138,SX4
602,78 800,Škoda Octavia III,Wyprzedaż rocznika w ASO 1.4TSI 150KM Amazing Przeglądy Upust 10tys zł,8 km,Škoda,"ul. Siemiradzkiego 23 - 64-920 Piła, pilski, Wielkopolskie (Polska)",1 395 cm3,2018,https://www.otomoto.pl/oferta/skoda-octavia-wyprzedaz-rocznika-w-aso-1-4tsi-150km-amazing-przeglady-upust-10tys-zl-ID6BA1yK.html#21eef86138,Octavia
664,18 900,Volkswagen Golf Plus,Wyjątkowa wersja grzane fotele klimatronic plus zimówki,228 000 km,Volkswagen,"prosta, 29 - 62-571 Krągola, koniński, Wielkopolskie (Polska)",1 896 cm3,2008,https://www.otomoto.pl/oferta/volkswagen-golf-plus-wyjatkowa-wersja-grzane-fotele-klimatronic-plus-zimowki-ID6BA2M6.html#21eef86138,Golf Plus
506,18 600,Peugeot 308 T7,1.6 120KM Benzyna Klimatronik PDC Panorama Dach BEZWYPADKOWY,217 000 km,Peugeot,"Pruszków, pruszkowski, Mazowieckie",1 600 cm3,2008,https://www.otomoto.pl/oferta/peugeot-308-1-6-120km-benzyna-klimatronik-pdc-panorama-dach-bezwypadkowy-ID6BzrPc.html#21eef86138,308
728,86 000,Volkswagen Golf VII,"Highline 1.4 TSI / 125 KM DSG, I właściciel, polski salon",20 313 km,Volkswagen,"TORUŃSKA 169 - 87-800 Włocławek, Kujawsko-pomorskie (Polska)",1 395 cm3,2017,https://www.otomoto.pl/oferta/volkswagen-golf-highline-1-4-tsi-125-km-dsg-i-wlasciciel-polski-salon-ID6BA05Q.html#21eef86138,Golf
607,89 900,Volkswagen Golf VII,"Variant Comfortline 1.5TSI 130KM, Auto Demo",500 km,Volkswagen,"ZAKŁADOWA 18 - 25-670 Kielce, Świętokrzyskie (Polska)",1 498 cm3,2018,https://www.otomoto.pl/oferta/volkswagen-golf-variant-comfortline-1-5tsi-130km-auto-demo-ID6B5oZz.html#21eef86138,Golf
731,8 900,Mazda 2 I,Benzynka/Sprowadzona/Opłacona/Model 2004,170 800 km,Mazda,"Opatów, opatowski, Świętokrzyskie",1 242 cm3,2003,https://www.otomoto.pl/oferta/mazda-2-benzynka-sprowadzona-oplacona-model-2004-ID6BA2FY.html#21eef86138,2
603,96 500,Volkswagen Touareg II,"polski salon faktura VAT bezwypadkowy, serwisowany VW zadbany",184 000 km,Volkswagen,"Ostrów Wielkopolski, ostrowski, Wielkopolskie",3 000 cm3,2013,https://www.otomoto.pl/oferta/volkswagen-touareg-polski-salon-faktura-vat-bezwypadkowy-serwisowany-vw-zadbany-ID6Bxhe8.html#21eef86138,Touareg
692,175 000,BMW X6 M,X6M 50d Individual X drive Full Zamienię na ciągnik siodłowy lub inne,93 700 km,BMW,"Limanowa, limanowski, Małopolskie",2 993 cm3,2013,https://www.otomoto.pl/oferta/bmw-x6-m-x6m-50d-individual-x-drive-full-zamienie-na-ciagnik-siodlowy-lub-inne-ID6z53fR.html#21eef86138,X6 M
606,29 799,Opel Insignia A,,161 000 km,Opel,"Gdańsk, Pomorskie, Aniołki",2 000 cm3,2011,https://www.otomoto.pl/oferta/opel-insignia-ID6Aupeb.html#21eef86138,Insignia
+48,39 999,Volkswagen up!,"1,0 60KM Moove up klimatyzacja + radio",5 km,Volkswagen,"Beskidzka 105 - 43-100 Tychy, Śląskie (Polska)",999 cm3,2018,https://www.otomoto.pl/oferta/volkswagen-up-1-0-60km-moove-up-klimatyzacja-radio-ID6yUAJb.html#21eef86138,up!
503,145 900,Audi A6 C7,3.0 272KM Quattro Allroad HeadUp Skóra Webasto Panorama FV23% Gwar2019,73 000 km,Audi,"Tymbark 343 - 34-650 Tymbark, limanowski, Małopolskie (Polska)",2 967 cm3,2015,https://www.otomoto.pl/oferta/audi-a6-3-0-272km-quattro-allroad-headup-skora-webasto-panorama-fv23-gwar2019-ID6Bvaqn.html#21eef86138,A6
502,35 900,BMW X3 E83,2010r..Xenon..Nawigacja..Manual..165tys km..Oryginał..Serwis!!,165 000 km,BMW,"Mikołów, mikołowski, Śląskie, Dąbrowa",1 995 cm3,2010,https://www.otomoto.pl/oferta/bmw-x3-2010r-xenon-nawigacja-manual-165tys-km-oryginal-serwis-ID6BzrUl.html#21eef86138,X3
669,26 900,Volkswagen Touran II,"2.0 TDI 140 KM, książka serwisowa, LED, osoba prywatna",280 000 km,Volkswagen,"Poznań, Wielkopolskie, Nowe Miasto",1 968 cm3,2010,https://www.otomoto.pl/oferta/volkswagen-touran-2-0-tdi-140-km-ksiazka-serwisowa-led-osoba-prywatna-ID6A6DvU.html#21eef86138,Touran
+48,72 899,Volkswagen Golf VII,Mega rabat DIESEL w CENIE benzyny 115KM,5 km,Volkswagen,"Beskidzka 105 - 43-100 Tychy, Śląskie (Polska)",1 598 cm3,2018,https://www.otomoto.pl/oferta/volkswagen-golf-mega-rabat-diesel-w-cenie-benzyny-115km-ID6BuRxV.html#21eef86138,Golf
602,50 500,BMW Seria 3 F30,BMW F31 2.0D 185KM AUTOMAT ZF fv 23%,189 000 km,BMW,"Włoszczowa, włoszczowski, Świętokrzyskie",2 000 cm3,2013,https://www.otomoto.pl/oferta/bmw-seria-3-bmw-f31-2-0d-185km-automat-zf-fv-23-ID6ANIS3.html#21eef86138,Seria 3
+48,38 500,Citroën C3 II,"1.2 PureTech, Salon Polska, 1. Właściciel, Serwis ASO, Klimatronic,",28 450 km,Citroën,"Okulickiego 3B - 05-500 Piaseczno, piaseczyński, Mazowieckie (Polska)",1 199 cm3,2016,https://www.otomoto.pl/oferta/citroen-c3-1-2-puretech-salon-polska-1-wlasciciel-serwis-aso-klimatronic-ID6BzrOa.html#55e405ac86,C3
+48,34 200,Dacia Duster,"1.5 dCi, Salon Polska, Serwis ASO, Klima, Parktronic",70 479 km,Dacia,"Okulickiego 3B - 05-500 Piaseczno, piaseczyński, Mazowieckie (Polska)",1 461 cm3,2012,https://www.otomoto.pl/oferta/dacia-duster-1-5-dci-salon-polska-serwis-aso-klima-parktronic-ID6BzrO9.html#55e405ac86,Duster
+48,10 000,Opel Corsa D,"1.7 CDTi, Klima, Parktronic,ALU",171 338 km,Opel,"Okulickiego 3B - 05-500 Piaseczno, piaseczyński, Mazowieckie (Polska)",1 686 cm3,2007,https://www.otomoto.pl/oferta/opel-corsa-1-7-cdti-klima-parktronic-alu-ID6BzrOf.html#55e405ac86,Corsa
426,88 900,Volkswagen Golf VII,"Var. Comf. 1.5TSI 130KM, Podgrz. szyba, Led, Wyprzedaż Rocznika w ASO",1 km,Volkswagen,"Niciarniana 51/53 - 92-320 Łódź, Łódzkie (Polska)",1 498 cm3,2018,https://www.otomoto.pl/oferta/volkswagen-golf-var-comf-1-5tsi-130km-podgrz-szyba-led-wyprzedaz-rocznika-w-aso-ID6BuLTd.html#21eef86138,Golf
+48,34 000,Ford Focus Mk3,"1.6 16V, Salon Polska, Serwis ASO, Klima, Parktronic",75 839 km,Ford,"Okulickiego 3B - 05-500 Piaseczno, piaseczyński, Mazowieckie (Polska)",1 596 cm3,2011,https://www.otomoto.pl/oferta/ford-focus-1-6-16v-salon-polska-serwis-aso-klima-parktronic-ID6BzrOB.html#55e405ac86,Focus
+48,40 900,Volkswagen Passat B7,2.0TDI/DSG/NAVI/Bezwypadkowy,145 925 km,Volkswagen,"Stanisława Staszica 2 - 63100 Śrem, śremski, Wielkopolskie (Polska)",2 000 cm3,2013,https://www.otomoto.pl/oferta/volkswagen-passat-2-0tdi-dsg-navi-bezwypadkowy-ID6BwJo6.html#55e405ac86,Passat
+48,28 454,Volkswagen Passat B7,"2.0 TDI, VAT 23%, Skóra, Navi, Klimatronic, Tempomat, Parktronic,",247 771 km,Volkswagen,"Okulickiego 3B - 05-500 Piaseczno, piaseczyński, Mazowieckie (Polska)",1 968 cm3,2011,https://www.otomoto.pl/oferta/volkswagen-passat-2-0-tdi-vat-23-skora-navi-klimatronic-tempomat-parktronic-ID6BzrOx.html#55e405ac86,Passat
004,28 900,Citroën C3 Picasso,f v,161 900 km,Citroën,"-- - 96-200 Rawa Mazowiecka, rawski, Łódzkie (Polska)",1 600 cm3,2014,https://www.otomoto.pl/oferta/citroen-c3-picasso-f-v-ID6zVYjV.html#55e405ac86,C3 Picasso
+48,89 255,Audi A5 8T,"2.0 TDI, 1. Właściciel, Serwis ASO, VAT 23%, Skóra, Navi, Xenon,",14 779 km,Audi,"Okulickiego 3B - 05-500 Piaseczno, piaseczyński, Mazowieckie (Polska)",1 968 cm3,2016,https://www.otomoto.pl/oferta/audi-a5-2-0-tdi-1-wlasciciel-serwis-aso-vat-23-skora-navi-xenon-ID6Bxcbs.html#55e405ac86,A5
+48,57 000,Volkswagen CC,"1.4 TSI, Salon Polska, Serwis ASO, Navi, Xenon, Bi-Xenon, Klimatronic,",68 640 km,Volkswagen,"Aleja Roździeńskiego 91 - 40-203 Katowice, Bogucice (Polska)",1 390 cm3,2013,https://www.otomoto.pl/oferta/volkswagen-cc-1-4-tsi-salon-polska-serwis-aso-navi-xenon-bi-xenon-klimatronic-ID6BzrOQ.html#55e405ac86,CC
+48,16 800,Opel Zafira B,"1.6, GAZ, 7 miejsc, Klima, Tempomat,ALU",202 483 km,Opel,"Tyniecka 3 - 55-040 Bielany Wrocławskie, gm. Kobierzyce, wrocławski, Dolnośląskie (Polska)",1 598 cm3,2005,https://www.otomoto.pl/oferta/opel-zafira-1-6-gaz-7-miejsc-klima-tempomat-alu-ID6ByEYx.html#55e405ac86,Zafira
+48,89 255,Audi A5 8T,"2.0 TDI, 1. Właściciel, Serwis ASO, VAT 23%, Skóra, Navi, Xenon,",32 908 km,Audi,"Okulickiego 3B - 05-500 Piaseczno, piaseczyński, Mazowieckie (Polska)",1 968 cm3,2016,https://www.otomoto.pl/oferta/audi-a5-2-0-tdi-1-wlasciciel-serwis-aso-vat-23-skora-navi-xenon-ID6BxcbB.html#55e405ac86,A5
880,19 900,Volkswagen Golf Plus,Piękny 100% Oryginał 1.9 Tdi 105 KM Automat DSG Serwis do końca!,190 000 km,Volkswagen,"Ostrów Mazowiecka, ostrowski, Mazowieckie",1 900 cm3,2008,https://www.otomoto.pl/oferta/volkswagen-golf-plus-piekny-100-oryginal-1-9-tdi-105-km-automat-dsg-serwis-do-konca-ID6BwXEx.html#55e405ac86,Golf Plus
223,58 000,Volkswagen Golf VII,"1.0 TSI, Salon Polska, Serwis ASO, Xenon, Bi-Xenon, Klimatronic,",26 356 km,Volkswagen,"Droga Dębińska 10b - 61-555 Poznań, Wilda (Polska)",999 cm3,2017,https://www.otomoto.pl/oferta/volkswagen-golf-1-0-tsi-salon-polska-serwis-aso-xenon-bi-xenon-klimatronic-ID6ByEZk.html#55e405ac86,Golf
+48,43 000,Volkswagen Passat B7,"2.0 TDI, Salon Polska, Serwis ASO, 167 KM, Navi, Xenon, Bi-Xenon,",129 299 km,Volkswagen,"Aleja Roździeńskiego 91 - 40-203 Katowice, Bogucice (Polska)",1 968 cm3,2011,https://www.otomoto.pl/oferta/volkswagen-passat-2-0-tdi-salon-polska-serwis-aso-167-km-navi-xenon-bi-xenon-ID6BzrOR.html#55e405ac86,Passat
604,63 900,Škoda Octavia III,"2,0TDi 150KM DSG Style, Lane Assist, Bi-xenon+LED, Salon PL, FV23%",126 000 km,Škoda,"ul. Królewiecka 70 - 54-117 Wrocław, Fabryczna (Polska)",2 000 cm3,2016,https://www.otomoto.pl/oferta/skoda-octavia-2-0tdi-150km-dsg-style-lane-assist-bi-xenon-led-salon-pl-fv23-ID6BzKGD.html#55e405ac86,Octavia
882,17 900,Škoda Octavia II,,274 000 km,Škoda,"Brzeźnica, wadowicki, Małopolskie",1 598 cm3,2010,https://www.otomoto.pl/oferta/skoda-octavia-ID6Bva2I.html#55e405ac86,Octavia
508,59 800,Volvo S60 II,"R Design D3 2,0d",36 600 km,Volvo,"Promienista 3 - 62-045 Pniewy, szamotulski, Wielkopolskie (Polska)",1 998 cm3,2015,https://www.otomoto.pl/oferta/volvo-s60-r-design-d3-2-0d-ID6BsEtQ.html#55e405ac86,S60
502,151 500,Škoda Octavia III,"RS 2,0 TDI 135 kW (184 KM) DSG",3 km,Škoda,"Al. Wojska Polskiego 5 - 62-800 Kalisz, Wielkopolskie (Polska)",2 000 cm3,2018,https://www.otomoto.pl/oferta/skoda-octavia-rs-2-0-tdi-135-kw-184-km-dsg-ID6AVGSX.html#55e405ac86,Octavia
604,24 900,Škoda Fabia II,"1,6TDi 90KM Ambition Plus, Salon PL, FV23%, 1-szy właściciel",147 000 km,Škoda,"ul. Królewiecka 70 - 54-117 Wrocław, Fabryczna (Polska)",1 600 cm3,2014,https://www.otomoto.pl/oferta/skoda-fabia-1-6tdi-90km-ambition-plus-salon-pl-fv23-1-szy-wlasciciel-ID6BzKGL.html#55e405ac86,Fabia
780,32 899,Ford S-Max I,Ford S MAX Titanium SPORT ST 2.2Tdci 200KM 156tys.km RODZINNY VAN,156 666 km,Ford,"Garwolin, garwoliński, Mazowieckie",2 179 cm3,2009,https://www.otomoto.pl/oferta/ford-s-max-ford-s-max-titanium-sport-st-2-2tdci-200km-156tys-km-rodzinny-van-ID6BwTVX.html#5e7133392b,S-Max
883,24 800,BMW Seria 5 E60,BiXenon*FULL*2.0*LIFTING*177 KM*Bezwypadkowa*Serwis do końca*AUTOMAT,206 534 km,BMW,"Ślesin, koniński, Wielkopolskie",1 995 cm3,2008,https://www.otomoto.pl/oferta/bmw-seria-5-bixenonfull2-0lifting177-kmbezwypadkowaserwis-do-koncaautomat-ID6BA2Dc.html#5e7133392b,Seria 5
696,2 150,Citroën Berlingo I,** CITROEN BERLINGO 2004 LIFT 1.9D 5 osobowy okazja **,200 000 km,Citroën,"PUŁTUSK - 06-100 Pułtusk, pułtuski, Mazowieckie (Polska)",Diesel,2004,https://www.otomoto.pl/oferta/citroen-berlingo-citroen-berlingo-2004-lift-1-9d-5-osobowy-okazja-ID6BA1dc.html#5e7133392b,Berlingo
+48,102 438,Audi A5 8T,"2.0 TDI, 1. Właściciel, Serwis ASO, 187 KM, 4X4, Automat, VAT 23%,",30 006 km,Audi,"Okulickiego 3B - 05-500 Piaseczno, piaseczyński, Mazowieckie (Polska)",1 968 cm3,2016,https://www.otomoto.pl/oferta/audi-a5-2-0-tdi-1-wlasciciel-serwis-aso-187-km-4x4-automat-vat-23-ID6BxcbD.html#55e405ac86,A5
667,19 900,Ford Focus Mk2,"GOLD X KOMBI 1.8 115 KM, bezwypadkowy od osoby prywatnej",110 000 km,Ford,"Rzgów, łódzki wschodni, Łódzkie",1 753 cm3,2010,https://www.otomoto.pl/oferta/ford-focus-gold-x-kombi-1-8-115-km-bezwypadkowy-od-osoby-prywatnej-ID6Bwpm4.html#55e405ac86,Focus
+48,45 000,Ford Focus Mk3,"1.6 EcoBoost, Salon Polska, 1. Właściciel, Serwis ASO, Klima,",69 076 km,Ford,"Okulickiego 3B - 05-500 Piaseczno, piaseczyński, Mazowieckie (Polska)",1 596 cm3,2014,https://www.otomoto.pl/oferta/ford-focus-1-6-ecoboost-salon-polska-1-wlasciciel-serwis-aso-klima-ID6BzrNK.html#5e7133392b,Focus
883,37 700,Mitsubishi ASX,ClearTec,221 551 km,Mitsubishi,"Suchedniów, skarżyski, Świętokrzyskie",1 800 cm3,2011,https://www.otomoto.pl/oferta/mitsubishi-asx-cleartec-ID6BusCs.html#5e7133392b,ASX
504,75 900,Renault Trafic III,"i Właściciel, salon PL , bezwypadkowy , 125 KM , 51000 km, Long 9 os.",51 000 km,Renault,"Gdańsk, Pomorskie, Siedlce",1 598 cm3,2017,https://www.otomoto.pl/oferta/renault-trafic-i-wlasciciel-salon-pl-bezwypadkowy-125-km-51000-km-long-9-os-ID6BA2Dq.html#5e7133392b,Trafic
660,36 900,Peugeot 3008 I,1.6 Benzyna 156 KM PLATINUM Biała Perła Tylko 74.000 km Bi Xenon Skóra,74 800 km,Peugeot,"Tułowice, opolski, Opolskie",1 600 cm3,2010,https://www.otomoto.pl/oferta/peugeot-3008-1-6-benzyna-156-km-platinum-biala-perla-tylko-74-000-km-bi-xenon-skora-ID6BzCji.html#5e7133392b,3008
660,23 300,Opel Meriva II,1.4 Benzyna Bezwypadkowa Serwis ASO Opłacona,203 800 km,Opel,"Tułowice, opolski, Opolskie",1 400 cm3,2011,https://www.otomoto.pl/oferta/opel-meriva-1-4-benzyna-bezwypadkowa-serwis-aso-oplacona-ID6BvVp7.html#5e7133392b,Meriva
518,33 333,Hyundai I30 II,1.6CRDi 110KM SalonPL 1WŁ Czujniki Pełen Serwis Super Stan FV23%,130 000 km,Hyundai,"Mariana Buczka 4 / wejście od Kwiatowej - 96-500 Sochaczew, sochaczewski, Mazowieckie (Polska)",1 582 cm3,2014,https://www.otomoto.pl/oferta/hyundai-i30-1-6crdi-110km-salonpl-1wl-czujniki-pelen-serwis-super-stan-fv23-ID6ByAKv.html#5e7133392b,I30
889,110 000,Volkswagen Passat B8,Volkswagen Passat B8 R Line DSG 190 KM,58 000 km,Volkswagen,"Brzezinki, kielecki, Świętokrzyskie",2 000 cm3,2016,https://www.otomoto.pl/oferta/volkswagen-passat-volkswagen-passat-b8-r-line-dsg-190-km-ID6Bvb1C.html#5e7133392b,Passat
+48,17 885,Škoda Fabia II,"1.6 TDI, Salon Polska, 1. Właściciel, Serwis ASO, VAT 23%, Klima ,",141 500 km,Škoda,"Okulickiego 3B - 05-500 Piaseczno, piaseczyński, Mazowieckie (Polska)",1 598 cm3,2014,https://www.otomoto.pl/oferta/skoda-fabia-1-6-tdi-salon-polska-1-wlasciciel-serwis-aso-vat-23-klima-ID6BzrNO.html#5e7133392b,Fabia
660,23 900,Seat Altea,1.6 MPI 102 KM ! Benzyna Tylko 140.000 km Serwisowana Bezwypadkowa,140 700 km,Seat,"Tułowice, opolski, Opolskie",1 600 cm3,2009,https://www.otomoto.pl/oferta/seat-altea-1-6-mpi-102-km-benzyna-tylko-140-000-km-serwisowana-bezwypadkowa-ID6BzKRf.html#5e7133392b,Altea
507,35 700,Audi A6 C6,2.4 MPI FULL Opcja 2 x S Line Jedyne w PL E4J Bi Xenon skrętny BOSE,232 000 km,Audi,"Radom, Mazowieckie",2 398 cm3,2006,https://www.otomoto.pl/oferta/audi-a6-2-4-mpi-full-opcja-2-x-s-line-jedyne-w-pl-e4j-bi-xenon-skretny-bose-ID6BzpeG.html#5e7133392b,A6
601,59 000,Volkswagen Passat B7,2017 NISKI przebieg 5600km ORGINALNY,5 600 km,Volkswagen,"Żory, Śląskie",1 800 cm3,2017,https://www.otomoto.pl/oferta/volkswagen-passat-2017-niski-przebieg-5600km-orginalny-ID6BzrIx.html#5e7133392b,Passat
799,188 000,Volkswagen Arteon,"2.0 BiTD 240 KM, Salon Polska, b. dobrze wyposażony, gwarancja do 2022",39 000 km,Volkswagen,"Wrocław, Dolnośląskie, Psie Pole",1 968 cm3,2017,https://www.otomoto.pl/oferta/volkswagen-arteon-2-0-bitd-240-km-salon-polska-b-dobrze-wyposazony-gwarancja-do-2022-ID6BsbiE.html#5e7133392b,Arteon
004,36 900,Ford Focus Mk3,,97 700 km,Ford,"-- - 96-200 Rawa Mazowiecka, rawski, Łódzkie (Polska)",1 998 cm3,2015,https://www.otomoto.pl/oferta/ford-focus-ID6zVYBh.html#5e7133392b,Focus
+48,29 267,Ford Focus Mk3,"1.6 TDCI, Salon Polska, 1. Właściciel, Serwis ASO, VAT 23%, Klima,",43 668 km,Ford,"Okulickiego 3B - 05-500 Piaseczno, piaseczyński, Mazowieckie (Polska)",1 560 cm3,2014,https://www.otomoto.pl/oferta/ford-focus-1-6-tdci-salon-polska-1-wlasciciel-serwis-aso-vat-23-klima-ID6BzrNQ.html#5e7133392b,Focus
+48,29 917,Toyota Yaris III,"1.0 VVT-i, Salon Polska, 1. Właściciel, Serwis ASO, VAT 23%, Klima",50 670 km,Toyota,"Okulickiego 3B - 05-500 Piaseczno, piaseczyński, Mazowieckie (Polska)",998 cm3,2016,https://www.otomoto.pl/oferta/toyota-yaris-1-0-vvt-i-salon-polska-1-wlasciciel-serwis-aso-vat-23-klima-ID6BzrNT.html#5e7133392b,Yaris
+48,58 000,Opel Zafira C,"2.0 CDTI, Salon Polska, Serwis ASO, 162 KM, 7 miejsc, Skóra, Navi,",89 219 km,Opel,"Okulickiego 3B - 05-500 Piaseczno, piaseczyński, Mazowieckie (Polska)",1 956 cm3,2014,https://www.otomoto.pl/oferta/opel-zafira-2-0-cdti-salon-polska-serwis-aso-162-km-7-miejsc-skora-navi-ID6ByEUk.html#5e7133392b,Zafira
+48,46 000,Toyota RAV4 III,"2.0 VVT-i, Salon Polska, Navi, Klima, Parktronic",154 594 km,Toyota,"Okulickiego 3B - 05-500 Piaseczno, piaseczyński, Mazowieckie (Polska)",1 987 cm3,2012,https://www.otomoto.pl/oferta/toyota-rav4-2-0-vvt-i-salon-polska-navi-klima-parktronic-ID6ByEUl.html#5e7133392b,RAV4
+48,30 730,Toyota Yaris III,"1.0 VVT-i, Salon Polska, 1. Właściciel, Serwis ASO, VAT 23%, Klima",44 946 km,Toyota,"Okulickiego 3B - 05-500 Piaseczno, piaseczyński, Mazowieckie (Polska)",998 cm3,2016,https://www.otomoto.pl/oferta/toyota-yaris-1-0-vvt-i-salon-polska-1-wlasciciel-serwis-aso-vat-23-klima-ID6BzrNY.html#5e7133392b,Yaris
